_id,title,description,author,date
5e85d3d9fc13ae0d72000000,Catlow,Oldsmobile,Orelie,2019-07-17 21:46:52
5e85d3d9fc13ae0d72000001,"Safety of Objects, The",Volkswagen,Abbey,2019-08-09 22:52:10
5e85d3d9fc13ae0d72000002,Starry starry night (Xing kong),Audi,Herculie,2019-06-15 10:50:11
5e85d3d9fc13ae0d72000003,That Hamilton Woman,Mazda,Calley,2019-08-27 12:20:19
5e85d3d9fc13ae0d72000004,Angelus,Nissan,Myrwyn,2019-07-15 00:22:17
5e85d3d9fc13ae0d72000005,Rage,Chevrolet,Zitella,2019-11-09 22:37:17
5e85d3d9fc13ae0d72000006,Moving Midway,Land Rover,Sibylla,2019-05-31 02:17:55
5e85d3d9fc13ae0d72000007,Seven Days in Utopia,Nissan,Pen,2019-12-28 12:29:44
5e85d3d9fc13ae0d72000008,"Eye, The",Honda,Aldus,2020-03-18 22:24:46
5e85d3d9fc13ae0d72000009,Safe,Scion,Philippine,2020-01-20 03:02:25
5e85d3d9fc13ae0d7200000a,My Name Is Nobody (Il Mio nome è Nessuno),Chevrolet,Annmarie,2020-02-12 10:52:29
5e85d3d9fc13ae0d7200000b,It Came from Hollywood,Ford,Cecilius,2019-07-10 20:20:42
5e85d3d9fc13ae0d7200000c,Eagle vs Shark,Chrysler,Dennie,2019-11-12 21:05:49
5e85d3dafc13ae0d7200000d,"Act in Question, The (Acto en cuestión, El)",Hyundai,Jori,2019-12-22 02:48:42
5e85d3dafc13ae0d7200000e,"Sum of All Fears, The",Plymouth,Wildon,2019-06-06 16:36:04
5e85d3dafc13ae0d7200000f,"Thousand Months, A (Mille mois)",Chevrolet,Osmund,2019-05-11 21:15:32
5e85d3dafc13ae0d72000010,"Valley of Decision, The",Dodge,Vivi,2019-09-24 08:32:14
5e85d3dafc13ae0d72000011,"Private Life of Henry VIII, The",Mercury,Noelle,2019-06-29 02:28:32
5e85d3dafc13ae0d72000012,"Spanish Earth, The",Ford,Miguel,2020-02-28 12:23:15
5e85d3dafc13ae0d72000013,Mouse Hunt,Lincoln,Corrina,2020-01-21 10:09:02
5e85d3dafc13ae0d72000014,Tenacious D in The Pick of Destiny,Mercedes-Benz,Edee,2019-04-16 23:31:00
5e85d3dafc13ae0d72000015,Torment,BMW,Gilberta,2019-10-29 21:58:05
5e85d3dafc13ae0d72000016,Maniacts,Nissan,Kyrstin,2019-06-17 04:52:18
5e85d3dafc13ae0d72000017,"Delicate Delinquent, The",Infiniti,Rebeca,2019-06-02 20:33:46
5e85d3dafc13ae0d72000018,Ex Drummer,Ford,Heinrick,2019-07-10 12:47:02
5e85d3dafc13ae0d72000019,A Kind of America 2,Subaru,Jennica,2019-04-29 06:08:28
5e85d3dafc13ae0d7200001a,Home Page,Porsche,Mahala,2019-08-16 20:48:54
5e85d3dafc13ae0d7200001b,Four Nights of a Dreamer (Quatre nuits d'un rêveur),Mazda,Dorry,2019-05-30 16:00:25
5e85d3dafc13ae0d7200001c,Life Is Hot in Cracktown,Infiniti,Cleveland,2019-09-29 00:35:19
5e85d3dafc13ae0d7200001d,Pray the Devil Back to Hell,Ferrari,Charmion,2019-11-16 12:06:10
5e85d3dafc13ae0d7200001e,'R Xmas,Mercedes-Benz,Danell,2019-06-19 12:44:41
5e85d3dafc13ae0d7200001f,"Legend of 1900, The (a.k.a. The Legend of the Pianist on the Ocean) (Leggenda del pianista sull'oceano)",Chevrolet,Carlita,2019-09-12 19:22:06
5e85d3dafc13ae0d72000020,Live from Baghdad,Dodge,Caesar,2020-01-31 19:24:51
5e85d3dafc13ae0d72000021,Butter,Ford,Milton,2019-07-26 07:14:21
5e85d3dafc13ae0d72000022,Wings of Hope (Julianes Sturz in den Dschungel),Chevrolet,Grantham,2019-12-05 15:11:29
5e85d3dafc13ae0d72000023,"Dossier 51 (Dossier 51, Le)",Volkswagen,Archibald,2019-08-06 07:41:21
5e85d3dafc13ae0d72000024,Alien Space Avenger,GMC,Gannie,2019-05-03 14:45:08
5e85d3dafc13ae0d72000025,My Boy Jack,Honda,Zorah,2019-12-22 14:26:21
5e85d3dafc13ae0d72000026,The Taking of Deborah Logan,GMC,Gunar,2019-05-22 12:24:42
5e85d3dafc13ae0d72000027,This Film Is Not Yet Rated,Nissan,Lutero,2019-09-10 13:44:11
5e85d3dafc13ae0d72000028,Idiot's Delight,Lexus,Bevon,2019-12-05 23:22:14
5e85d3dafc13ae0d72000029,Inkheart,GMC,Russell,2019-04-12 03:42:02
5e85d3dafc13ae0d7200002a,Michael,Chevrolet,Jannelle,2020-01-25 13:32:47
5e85d3dafc13ae0d7200002b,"Bridges of Madison County, The",Volkswagen,Corny,2019-09-07 05:29:28
5e85d3dafc13ae0d7200002c,Monsters,Chevrolet,Avrom,2019-12-29 20:33:35
5e85d3dafc13ae0d7200002d,Yesterday's Enemy,Bentley,Cletis,2019-08-27 17:19:26
5e85d3dafc13ae0d7200002e,Karan Arjun,Toyota,Ulrich,2020-02-27 01:02:30
5e85d3dafc13ae0d7200002f,To Gillian on Her 37th Birthday,Lincoln,Lexi,2019-08-05 16:42:55
5e85d3dafc13ae0d72000030,"Spiral Staircase, The",Honda,Arda,2019-08-27 19:37:58
5e85d3dafc13ae0d72000031,"Assault, The (Aanslag, De)",BMW,Kathlin,2019-11-29 00:13:49
5e85d3dafc13ae0d72000032,"Chapman Report, The",Ford,Tonye,2019-05-31 05:18:40
5e85d3dafc13ae0d72000033,Honeydripper,Ford,Suzanne,2020-02-01 21:52:06
5e85d3dafc13ae0d72000034,César,Toyota,Chrysa,2019-10-22 01:59:33
5e85d3dafc13ae0d72000035,East Side Story,Ford,Laverne,2019-04-12 22:29:38
5e85d3dafc13ae0d72000036,Savage Messiah,BMW,Rora,2020-01-11 10:08:19
5e85d3dafc13ae0d72000037,Eddie Murphy Delirious,Nissan,Ardith,2019-11-09 00:01:59
5e85d3dafc13ae0d72000038,Manual of Love 2 (Manuale d'amore (capitoli successivi)),BMW,Rad,2020-03-18 00:57:23
5e85d3dafc13ae0d72000039,"World of Kanako, The (Kawaki.)",Scion,Valry,2019-10-12 00:26:23
5e85d3dafc13ae0d7200003a,Stomp the Yard,Chevrolet,Mae,2019-08-19 00:13:20
5e85d3dafc13ae0d7200003b,Una Noche,Eagle,Ethelred,2019-12-16 11:36:41
5e85d3dafc13ae0d7200003c,"Spook Who Sat by the Door, The",Jeep,Dulci,2019-11-24 07:47:11
5e85d3dafc13ae0d7200003d,Hour of the Wolf (Vargtimmen),Ford,Georgy,2019-08-17 23:30:39
5e85d3dafc13ae0d7200003e,À nous la liberté (Freedom for Us),GMC,Adlai,2019-05-15 15:57:39
5e85d3dafc13ae0d7200003f,Miss Violence,Mitsubishi,Rosie,2020-02-23 03:30:55
5e85d3dafc13ae0d72000040,Eye of the Beholder,Acura,Cobb,2020-02-02 01:30:14
5e85d3dafc13ae0d72000041,"Year My Voice Broke, The",Porsche,Northrop,2019-09-14 01:23:51
5e85d3dafc13ae0d72000042,Day of the Falcon,Suzuki,Roxanna,2020-01-31 02:16:30
5e85d3dafc13ae0d72000043,Girl of the Golden West,Isuzu,Leslie,2019-06-01 10:57:26
5e85d3dafc13ae0d72000044,"Goddess of 1967, The",Suzuki,Stephen,2019-07-07 08:13:53
5e85d3dafc13ae0d72000045,Seed,Mercedes-Benz,Arte,2020-03-12 20:05:22
5e85d3dafc13ae0d72000046,Trance,Lexus,Pietra,2019-11-17 01:57:04
5e85d3dafc13ae0d72000047,Criss Cross,Mitsubishi,Malachi,2019-11-02 22:04:47
5e85d3dafc13ae0d72000048,Blackadder's Christmas Carol,Chevrolet,Joelle,2019-12-08 19:56:15
5e85d3dafc13ae0d72000049,Another Country,Mitsubishi,Kristofor,2020-03-13 21:49:53
5e85d3dafc13ae0d7200004a,Men at Work,Jensen,Shadow,2019-11-25 17:06:21
5e85d3dafc13ae0d7200004b,Happy,Mazda,Nancey,2019-11-14 09:07:53
5e85d3dafc13ae0d7200004c,Head Over Heels (De Pernas pro Ar),Kia,Broderick,2020-02-05 02:14:49
5e85d3dafc13ae0d7200004d,Mad Dog Coll,Chevrolet,Damon,2019-07-10 22:32:15
5e85d3dafc13ae0d7200004e,"Funny Man, A (Dirch)",Buick,Sheilah,2020-01-11 21:10:48
5e85d3dafc13ae0d7200004f,Take My Eyes (Te doy mis ojos),Lexus,Shellie,2019-04-07 08:17:12
5e85d3dafc13ae0d72000050,It's in the Water,BMW,Remington,2020-02-17 23:35:09
5e85d3dafc13ae0d72000051,Phantom of the Woods,Cadillac,Mahmud,2019-05-13 16:52:08
5e85d3dafc13ae0d72000052,My Best Girl,GMC,Erina,2019-07-19 22:57:25
5e85d3dafc13ae0d72000053,Breathless (Ddongpari),Chevrolet,Annabell,2019-06-23 13:47:59
5e85d3dafc13ae0d72000054,Mrs. Pollifax-Spy,Nissan,Dasha,2019-11-30 01:23:23
5e85d3dafc13ae0d72000055,Sunrise: A Song of Two Humans,Dodge,Carolynn,2019-05-07 15:06:17
5e85d3dafc13ae0d72000056,See Spot Run,Mercedes-Benz,Avie,2019-08-19 00:14:49
5e85d3dafc13ae0d72000057,Too Late Blues,Jeep,Tadio,2019-10-26 10:09:13
5e85d3dafc13ae0d72000058,Naked Killer (Chik loh go yeung),Maserati,Berkley,2019-06-11 07:40:50
5e85d3dafc13ae0d72000059,Freakin' Beautiful World (Sairaan kaunis maailma),Buick,Calli,2019-12-10 05:25:42
5e85d3dafc13ae0d7200005a,Lionheart,BMW,Archer,2019-06-13 14:58:36
5e85d3dafc13ae0d7200005b,Murmur of the Heart (Le souffle au coeur),Chevrolet,Jay,2020-01-11 22:37:52
5e85d3dafc13ae0d7200005c,Greetings,Dodge,Phaedra,2019-10-08 16:55:12
5e85d3dafc13ae0d7200005d,"Personal History, Adventures, Experience, & Observation of David Copperfield the Younger, The (a.k.a. David Copperfield)",Chevrolet,Oren,2019-11-03 11:10:58
5e85d3dafc13ae0d7200005e,Continental Divide,Chevrolet,Titus,2019-05-28 02:50:25
5e85d3dafc13ae0d7200005f,Chandni Chowk to China,Chevrolet,Kort,2019-12-21 11:30:27
5e85d3dafc13ae0d72000060,L'homme qui rit,Volvo,Orion,2019-08-31 04:14:23
5e85d3dafc13ae0d72000061,Portrait in Black,Lexus,Michel,2019-05-14 00:11:49
5e85d3dafc13ae0d72000062,"Lock, Stock & Two Smoking Barrels",Honda,Kristen,2019-05-01 09:44:54
5e85d3dafc13ae0d72000063,Breaker Morant,Aptera,Junie,2020-01-10 13:56:59
5e85d3dafc13ae0d72000064,"Mating Game, The",Ford,Lusa,2020-02-16 00:58:52
5e85d3dafc13ae0d72000065,My Favorite Brunette,Buick,Sharyl,2020-03-19 02:26:18
5e85d3dafc13ae0d72000066,"Town Called Panic, A (Panique au village)",Ford,Leeanne,2019-12-02 08:11:34
5e85d3dafc13ae0d72000067,Murder à la Mod,Chrysler,Rip,2019-11-07 14:35:41
5e85d3dafc13ae0d72000068,"Fifth Element, The",Dodge,Elaina,2020-02-06 02:59:35
5e85d3dafc13ae0d72000069,Take My Eyes (Te doy mis ojos),Volkswagen,Tabor,2019-07-14 21:00:19
5e85d3dafc13ae0d7200006a,Ice Princess,Chevrolet,Madison,2019-11-02 22:38:51
5e85d3dafc13ae0d7200006b,W.E.,Hyundai,Lexi,2019-08-13 08:01:29
5e85d3dafc13ae0d7200006c,Feds,Lexus,Bancroft,2019-06-11 17:04:39
5e85d3dafc13ae0d7200006d,Kira's Reason: A Love Story (En Kærlighedshistorie),Cadillac,Giffer,2019-08-26 06:12:50
5e85d3dafc13ae0d7200006e,Twin Sisters (De tweeling),Pontiac,Killian,2019-04-26 11:21:18
5e85d3dafc13ae0d7200006f,Flashdance,Mitsubishi,Madelle,2020-02-19 02:22:51
5e85d3dafc13ae0d72000070,Ten Thousand Saints,Spyker,Kathleen,2020-02-06 15:52:50
5e85d3dafc13ae0d72000071,"Purple Gang, The",Subaru,Sophia,2019-08-05 03:31:51
5e85d3dafc13ae0d72000072,"Great Locomotive Chase, The",Mercedes-Benz,Brandtr,2020-03-19 09:44:37
5e85d3dafc13ae0d72000073,"Last Angry Man, The",Volkswagen,Viv,2019-12-19 07:18:02
5e85d3dafc13ae0d72000074,Mean Guns,Cadillac,Catherina,2020-01-12 05:12:07
5e85d3dafc13ae0d72000075,We Steal Secrets: The Story of WikiLeaks,Land Rover,Staffard,2019-12-08 05:15:11
5e85d3dafc13ae0d72000076,Jimi Hendrix: Hear My Train A Comin',Buick,Gretchen,2019-09-20 12:38:18
5e85d3dafc13ae0d72000077,Story of a Love Affair (Cronaca di un amore),Infiniti,Ignacius,2020-01-31 03:20:39
5e85d3dafc13ae0d72000078,Downtown,Chevrolet,Magnum,2019-12-10 21:57:43
5e85d3dafc13ae0d72000079,"Road to El Dorado, The",Chevrolet,Hugues,2020-01-23 18:44:24
5e85d3dafc13ae0d7200007a,Robot Jox,BMW,Charisse,2019-12-06 14:59:48
5e85d3dafc13ae0d7200007b,Another Man's Poison,Mazda,Scott,2019-09-28 15:21:28
5e85d3dafc13ae0d7200007c,Ingmar Bergman on Life and Work (Ingmar Bergman: Om liv och arbete),Scion,Mollie,2019-09-23 10:30:07
5e85d3dafc13ae0d7200007d,Four Daughters,GMC,Grazia,2019-05-02 08:18:24
5e85d3dafc13ae0d7200007e,Raw Deal,Honda,Lorain,2019-04-09 16:04:21
5e85d3dafc13ae0d7200007f,Water,Audi,Keven,2019-06-14 18:52:42
5e85d3dafc13ae0d72000080,In the Land of Blood and Honey,Alfa Romeo,Betsy,2020-02-22 05:28:58
5e85d3dafc13ae0d72000081,Brute Force,Nissan,Robena,2019-11-14 01:21:48
5e85d3dafc13ae0d72000082,What Happens in Vegas...,Infiniti,Denise,2020-02-02 09:23:23
5e85d3dafc13ae0d72000083,Gypsy 83,Ford,Carroll,2020-03-07 05:29:29
5e85d3dafc13ae0d72000084,Syndromes and a Century (Sang sattawat),Mazda,Ronica,2019-07-08 07:45:33
5e85d3dafc13ae0d72000085,"Devil, The (Diabel)",BMW,Ulick,2019-06-19 13:49:33
5e85d3dafc13ae0d72000086,London River,Lexus,Teodora,2019-07-22 10:49:19
5e85d3dafc13ae0d72000087,Huhwihaji Anha (No Regret),Mitsubishi,Wilma,2019-08-29 02:44:47
5e85d3dafc13ae0d72000088,In A Day,Mitsubishi,Saraann,2019-11-28 16:15:31
5e85d3dafc13ae0d72000089,'Salem's Lot,Nissan,Elwood,2019-11-16 01:30:45
5e85d3dafc13ae0d7200008a,The Oscar,Ford,Worden,2019-11-02 17:17:50
5e85d3dafc13ae0d7200008b,Bee Season,Isuzu,Robb,2019-10-15 14:32:27
5e85d3dafc13ae0d7200008c,Hurry Sundown,Pontiac,Thatcher,2019-05-08 20:23:43
5e85d3dafc13ae0d7200008d,"Good Woman, A",Saab,Colas,2019-08-09 22:42:09
5e85d3dafc13ae0d7200008e,Come Undone (Presque Rien),Plymouth,Dita,2019-04-30 21:38:47
5e85d3dafc13ae0d7200008f,"Heart Is Deceitful Above All Things, The",Mercury,Bartolemo,2020-01-25 02:11:10
5e85d3dafc13ae0d72000090,Something in the Wind,Fiat,Grace,2020-01-23 10:44:21
5e85d3dafc13ae0d72000091,"Little Giant, The",Oldsmobile,Lemmie,2020-01-14 05:35:03
5e85d3dafc13ae0d72000092,The Fountain,Dodge,Sheila-kathryn,2020-01-28 23:12:59
5e85d3dafc13ae0d72000093,"World of Kanako, The (Kawaki.)",Mazda,Hillary,2020-02-10 20:51:58
5e85d3dafc13ae0d72000094,Snowball Express,Ford,Riane,2020-01-16 10:11:28
5e85d3dafc13ae0d72000095,"Separation, The (Séparation, La)",Dodge,Babs,2019-08-22 07:59:54
5e85d3dafc13ae0d72000096,"Last Letter, The (La dernière lettre)",GMC,Giacobo,2020-02-25 03:38:03
5e85d3dafc13ae0d72000097,13 Going on 30,Mitsubishi,Bond,2020-03-21 18:05:37
5e85d3dafc13ae0d72000098,"Shiro Amakusa, the Christian Rebel (Amakusa Shiro tokisada)",Mitsubishi,Ali,2019-05-01 08:26:17
5e85d3dafc13ae0d72000099,Black Snake Moan,Chevrolet,Moses,2020-03-07 03:16:34
5e85d3dafc13ae0d7200009a,"Queen and I, The (Drottningen och jag)",Chevrolet,Garnette,2019-09-18 03:39:07
5e85d3dafc13ae0d7200009b,"Crew, The",Subaru,Sterling,2019-06-16 22:41:14
5e85d3dafc13ae0d7200009c,"Hunting Party, The",Ford,Ashley,2020-01-02 00:59:22
5e85d3dafc13ae0d7200009d,"Whip Hand, The",GMC,Ramsay,2019-04-19 19:34:09
5e85d3dafc13ae0d7200009e,"Exercice de l'État, L'",GMC,Sibley,2020-03-03 11:32:21
5e85d3dafc13ae0d7200009f,Manufacturing Consent: Noam Chomsky and the Media,Dodge,Ermanno,2019-11-05 03:05:06
5e85d3dafc13ae0d720000a0,Musikanten,Subaru,Asia,2019-04-18 21:53:18
5e85d3dafc13ae0d720000a1,Balkan Spy (Balkanski spijun),Mazda,Giffy,2019-06-08 15:02:31
5e85d3dafc13ae0d720000a2,Dear Heart,Lincoln,Maudie,2020-01-15 14:44:35
5e85d3dafc13ae0d720000a3,Chicago,GMC,Freddy,2020-01-05 21:36:09
5e85d3dafc13ae0d720000a4,Last Days in the Desert,Ford,Megen,2019-05-11 22:23:29
5e85d3dafc13ae0d720000a5,Surplus: Terrorized Into Being Consumers,Honda,Car,2019-10-02 02:19:38
5e85d3dafc13ae0d720000a6,"Wrestler, The",Ford,Charmane,2019-08-21 05:39:18
5e85d3dafc13ae0d720000a7,"Saragossa Manuscript, The (Rekopis znaleziony w Saragossie)",Dodge,Aurlie,2019-06-07 08:29:13
5e85d3dafc13ae0d720000a8,We Are The Night (Wir sind die Nacht),Mercedes-Benz,Allyson,2020-03-30 23:08:47
5e85d3dafc13ae0d720000a9,Killer Elite,Subaru,Jasmine,2019-08-07 10:42:14
5e85d3dafc13ae0d720000aa,Tied,Infiniti,Rasia,2020-01-19 00:17:02
5e85d3dafc13ae0d720000ab,And Now a Word from Our Sponsor,Cadillac,Garwood,2019-08-01 05:32:33
5e85d3dafc13ae0d720000ac,Army of One (Joshua Tree),Mercedes-Benz,Frazer,2019-10-09 02:47:18
5e85d3dafc13ae0d720000ad,Ecstasy in Entropy,Volvo,Maddi,2020-01-19 05:08:33
5e85d3dafc13ae0d720000ae,L'Italien,Land Rover,Ara,2019-08-14 22:32:01
5e85d3dafc13ae0d720000af,"Children, The",Porsche,Bobina,2019-06-01 02:00:53
5e85d3dafc13ae0d720000b0,Vesna va veloce,Hummer,Dana,2020-02-23 22:11:13
5e85d3dafc13ae0d720000b1,Little Fauss and Big Halsy,Chevrolet,Perice,2019-09-08 05:00:28
5e85d3dafc13ae0d720000b2,Tender Comrade,Porsche,Gannon,2019-07-21 06:45:01
5e85d3dafc13ae0d720000b3,Man of La Mancha,Audi,Ritchie,2019-12-13 16:24:02
5e85d3dafc13ae0d720000b4,The Diary of an Unknown Soldier,Porsche,Cleve,2019-08-14 09:12:45
5e85d3dafc13ae0d720000b5,Dreamcatcher,Mazda,Willi,2020-02-13 06:25:01
5e85d3dafc13ae0d720000b6,"Chronicles of Narnia: The Lion, the Witch and the Wardrobe, The",Honda,Sibby,2019-06-30 23:21:06
5e85d3dafc13ae0d720000b7,The Slap,Ford,Jeannie,2020-02-10 05:11:15
5e85d3dafc13ae0d720000b8,"Card Player, The (Il cartaio)",Mazda,Anita,2019-11-25 22:15:24
5e85d3dafc13ae0d720000b9,"Crimson Petal and the White, The",Chevrolet,Lenore,2019-09-27 22:23:03
5e85d3dafc13ae0d720000ba,"New Age, The",Geo,Hanny,2019-10-23 06:31:06
5e85d3dafc13ae0d720000bb,Forest of the Gods (Dievu miskas),Mitsubishi,Everard,2019-07-20 00:18:27
5e85d3dafc13ae0d720000bc,"Wicker Man, The",Volvo,Sean,2019-04-27 06:37:43
5e85d3dafc13ae0d720000bd,Talking Funny,Mazda,Albie,2020-02-28 20:22:04
5e85d3dafc13ae0d720000be,Payback,Chevrolet,Min,2019-11-27 21:24:55
5e85d3dafc13ae0d720000bf,Mad About Mambo,GMC,Enriqueta,2019-08-06 06:33:20
5e85d3dafc13ae0d720000c0,På sista versen,Kia,Chalmers,2019-04-10 18:02:19
5e85d3dafc13ae0d720000c1,Out of the Blue,Mitsubishi,Timothy,2019-08-17 07:37:03
5e85d3dafc13ae0d720000c2,"Cheat, The",Pontiac,Gertruda,2019-08-27 00:52:01
5e85d3dafc13ae0d720000c3,Fun with Dick and Jane,Chevrolet,Crissie,2019-10-23 00:10:27
5e85d3dafc13ae0d720000c4,Dirty Dancing: Havana Nights,Ford,Yasmeen,2019-06-26 10:02:30
5e85d3dafc13ae0d720000c5,Poolboy: Drowning Out the Fury,Mercedes-Benz,Wernher,2019-05-21 09:25:04
5e85d3dafc13ae0d720000c6,Superman III,Saturn,Freddy,2019-04-25 23:13:15
5e85d3dafc13ae0d720000c7,Gigi,Jeep,Blakeley,2020-01-06 19:43:50
5e85d3dafc13ae0d720000c8,Joe Dirt,Jeep,Silva,2019-07-17 11:14:01
5e85d3dafc13ae0d720000c9,Footprints on the Moon (Le orme) (Primal Impulse),GMC,Ellswerth,2020-01-15 09:24:25
5e85d3dafc13ae0d720000ca,Cartoon All-Stars to the Rescue,Lexus,Chrisy,2019-12-17 15:57:43
5e85d3dafc13ae0d720000cb,Lady and the Tramp,Toyota,Ker,2019-10-02 17:42:15
5e85d3dafc13ae0d720000cc,Stay,Dodge,Karin,2019-12-01 15:06:28
5e85d3dafc13ae0d720000cd,Red Ensign,Ford,Christan,2019-10-07 13:44:49
5e85d3dafc13ae0d720000ce,"Two Days, One Night (Deux jours, une nuit)",Lamborghini,Yorke,2020-01-03 09:04:08
5e85d3dafc13ae0d720000cf,"Simple Life of Noah Dearborn, The",Pontiac,Fran,2020-02-17 15:33:40
5e85d3dafc13ae0d720000d0,"Two Mrs. Carrolls, The",Dodge,Emmi,2019-11-26 19:47:21
5e85d3dafc13ae0d720000d1,Imagine That,Volkswagen,Jacquenetta,2020-02-01 14:25:56
5e85d3dafc13ae0d720000d2,Alcina,Chrysler,Jacobo,2019-10-23 08:10:31
5e85d3dafc13ae0d720000d3,Cutie Honey,Pontiac,Graham,2020-03-26 16:16:50
5e85d3dafc13ae0d720000d4,"Woman Who Drinks, The (La femme qui boit)",GMC,Dannie,2019-10-01 11:28:50
5e85d3dafc13ae0d720000d5,D.O.A.,Ford,Wynny,2019-12-08 18:19:42
5e85d3dafc13ae0d720000d6,The Beales of Grey Gardens,Chevrolet,Beverlee,2019-05-03 02:54:15
5e85d3dafc13ae0d720000d7,"New World, The",Volkswagen,Wilow,2019-09-20 10:16:17
5e85d3dafc13ae0d720000d8,Redbelt,Maserati,Dido,2019-10-05 04:36:56
5e85d3dafc13ae0d720000d9,Triumph of the Spirit,Mazda,Sharl,2019-04-26 22:42:14
5e85d3dafc13ae0d720000da,How to Be a Serial Killer,Chevrolet,Lucinda,2019-05-27 21:39:34
5e85d3dafc13ae0d720000db,Breaking the Girls ,Nissan,Vail,2019-04-13 13:18:49
5e85d3dafc13ae0d720000dc,Tammy,Chevrolet,Meg,2019-11-29 00:18:28
5e85d3dafc13ae0d720000dd,"Hush... Hush, Sweet Charlotte",Ford,Rea,2020-02-23 06:48:19
5e85d3dafc13ae0d720000de,"Young in Heart, The",Pontiac,Myrah,2019-04-13 00:56:00
5e85d3dafc13ae0d720000df,Blackballed: The Bobby Dukes Story,GMC,Bea,2019-10-08 06:32:00
5e85d3dafc13ae0d720000e0,George & A.J.,Toyota,Shaylyn,2020-03-07 19:37:23
5e85d3dafc13ae0d720000e1,Under the Sun of Satan (Sous le soleil de Satan),Jaguar,Bernita,2019-09-15 02:35:41
5e85d3dafc13ae0d720000e2,"Shine of Rainbows, A",Cadillac,Jennifer,2019-05-30 02:03:15
5e85d3dafc13ae0d720000e3,"Missing, The",Buick,Son,2020-02-06 19:13:46
5e85d3dafc13ae0d720000e4,Shogun's Ninja (Ninja bugeicho momochi sandayu),Cadillac,Xylia,2019-08-07 21:19:46
5e85d3dafc13ae0d720000e5,Strange Bedfellows,Oldsmobile,Cynthie,2019-08-25 18:38:15
5e85d3dafc13ae0d720000e6,Behind Enemy Lines,Acura,Thibaut,2019-11-18 18:19:46
5e85d3dafc13ae0d720000e7,Rebel Without a Cause,Dodge,Benedicta,2019-12-04 10:22:19
5e85d3dafc13ae0d720000e8,30 Days of Night,Mazda,Ros,2019-08-02 22:52:22
5e85d3dafc13ae0d720000e9,Kamikaze Girls (Shimotsuma monogatari),Mazda,Clemmy,2020-03-06 18:26:44
5e85d3dafc13ae0d720000ea,Drums Along the Mohawk,Chevrolet,Lilly,2020-03-09 18:24:24
5e85d3dafc13ae0d720000eb,Resident Evil: Afterlife,Kia,Bobinette,2019-07-28 10:32:18
5e85d3dafc13ae0d720000ec,Little Man Tate,Infiniti,Bud,2019-07-16 04:02:42
5e85d3dafc13ae0d720000ed,Blood Beach,Audi,Darice,2019-11-05 05:30:40
5e85d3dafc13ae0d720000ee,Kill List,Mercedes-Benz,Yolane,2019-10-17 23:55:21
5e85d3dafc13ae0d720000ef,We Cause Scenes,Lincoln,Amata,2019-10-24 04:49:46
5e85d3dafc13ae0d720000f0,Dr. Goldfoot and the Girl Bombs (Le spie vengono dal semifreddo),Hummer,Sandye,2019-08-12 16:44:06
5e85d3dafc13ae0d720000f1,The Wild World of Lydia Lunch,Pontiac,Gabbey,2019-08-30 12:01:50
5e85d3dafc13ae0d720000f2,Voyage to the End of the Universe (Ikarie XB 1),GMC,Jennette,2020-01-14 19:08:33
5e85d3dafc13ae0d720000f3,Spacehunter: Adventures in the Forbidden Zone,GMC,Ebba,2019-10-24 10:47:33
5e85d3dafc13ae0d720000f4,"Cheap Detective, The",Chevrolet,Linzy,2020-01-25 03:01:01
5e85d3dafc13ae0d720000f5,In a Glass Cage (Tras el cristal),Nissan,Jonell,2019-11-12 07:23:09
5e85d3dafc13ae0d720000f6,My Stepmother Is an Alien,Mitsubishi,Kimberlee,2019-05-10 16:10:41
5e85d3dafc13ae0d720000f7,Soapdish,Mercedes-Benz,Sula,2019-10-25 23:46:07
5e85d3dafc13ae0d720000f8,Rings,Subaru,Irena,2019-06-03 04:45:52
5e85d3dafc13ae0d720000f9,"Facing Windows (Finestra di fronte, La)",Aston Martin,Laurene,2019-11-10 18:00:29
5e85d3dafc13ae0d720000fa,Blue Denim,Subaru,Leanna,2019-04-30 02:52:07
5e85d3dafc13ae0d720000fb,Dragon Ball GT: A Hero's Legacy (Doragon bôru GT: Gokû gaiden! Yûki no akashi wa sû-shin-chû),Scion,Boyce,2019-04-28 17:21:24
5e85d3dafc13ae0d720000fc,Badman's Territory,Acura,Diannne,2019-05-09 00:44:03
5e85d3dafc13ae0d720000fd,Pokémon the Movie: White - Victini and Zekrom,Mazda,Merlina,2019-06-12 16:16:55
5e85d3dafc13ae0d720000fe,Bombay Beach,Ford,Kym,2019-10-26 04:04:36
5e85d3dafc13ae0d720000ff,Charlie Chan in City in Darkness,Chevrolet,Bobbette,2019-08-13 00:37:21
5e85d3dafc13ae0d72000100,Eagle vs Shark,GMC,Hyacinth,2019-05-20 07:11:32
5e85d3dafc13ae0d72000101,Prophet's Prey,Ford,Goldia,2019-09-02 04:43:50
5e85d3dafc13ae0d72000102,Santa's Slay,Toyota,Timmi,2019-05-21 12:15:43
5e85d3dafc13ae0d72000103,Personal Property,Mercedes-Benz,Ansley,2019-11-24 20:26:17
5e85d3dafc13ae0d72000104,"Last Rites of Joe May, The",Nissan,Harris,2019-05-05 17:27:10
5e85d3dafc13ae0d72000105,Tito and Me (Tito i ja),Chevrolet,Kameko,2019-06-17 00:14:18
5e85d3dafc13ae0d72000106,Moliere,Dodge,Jareb,2019-09-26 16:42:03
5e85d3dafc13ae0d72000107,5th Day of Peace (Dio è con noi),GMC,Masha,2019-09-07 20:23:44
5e85d3dafc13ae0d72000108,Fair Game,Mercedes-Benz,Fowler,2020-03-15 00:11:14
5e85d3dafc13ae0d72000109,Gigantic,Ford,Gonzalo,2019-04-19 09:03:47
5e85d3dafc13ae0d7200010a,[REC],Volkswagen,Kaitlin,2019-12-17 22:22:13
5e85d3dafc13ae0d7200010b,A Blank on the Map,Subaru,Padraic,2019-04-14 01:30:23
5e85d3dafc13ae0d7200010c,StreetDance 3D,Rolls-Royce,Alix,2020-01-25 22:56:48
5e85d3dafc13ae0d7200010d,Whiteout,Mitsubishi,Isidore,2019-10-14 02:45:26
5e85d3dafc13ae0d7200010e,Piccadilly,Mercedes-Benz,Cinderella,2019-08-06 18:52:10
5e85d3dafc13ae0d7200010f,Our Dancing Daughters,Ferrari,Lynn,2019-08-14 20:33:40
5e85d3dafc13ae0d72000110,Brother Minister: The Assassination of Malcolm X,Ford,Corina,2019-08-05 22:08:32
5e85d3dafc13ae0d72000111,"Morning After, The",Hyundai,Meredith,2019-09-04 17:22:48
5e85d3dafc13ae0d72000112,So Big!,Ford,Sisile,2019-07-08 09:54:40
5e85d3dafc13ae0d72000113,"Champion, The",Volkswagen,Cliff,2019-08-10 00:04:28
5e85d3dafc13ae0d72000114,Madame Sousatzka,Volkswagen,Leilah,2020-03-07 10:21:51
5e85d3dafc13ae0d72000115,Survival of the Dead,Lincoln,Egbert,2019-12-03 17:23:01
5e85d3dafc13ae0d72000116,"Report, The (Gozaresh)",Suzuki,Connie,2019-08-28 19:10:01
5e85d3dafc13ae0d72000117,Beyond the Forest,Mazda,Tricia,2019-07-12 23:55:26
5e85d3dafc13ae0d72000118,Newsfront,BMW,Sophi,2019-08-10 21:15:18
5e85d3dafc13ae0d72000119,"Russell Peters: Red, White and Brown",BMW,Edsel,2019-10-23 15:32:25
5e85d3dafc13ae0d7200011a,Afterglow,Saab,Carlye,2019-12-14 23:36:36
5e85d3dafc13ae0d7200011b,Flowers of Shanghai (Hai shang hua),Hyundai,Sasha,2019-11-09 03:48:40
5e85d3dafc13ae0d7200011c,Loaf and Camouflage,Cadillac,Mordy,2019-12-30 18:32:29
5e85d3dafc13ae0d7200011d,"Ipcress File, The",Acura,Ursula,2019-09-24 08:27:32
5e85d3dafc13ae0d7200011e,R.S.V.P. ,Volkswagen,Titus,2020-01-30 05:40:58
5e85d3dafc13ae0d7200011f,Grind,Ford,Radcliffe,2020-03-31 01:03:26
5e85d3dafc13ae0d72000120,"Cameraman, The",Chevrolet,Davine,2019-12-01 18:28:29
5e85d3dafc13ae0d72000121,Thousands Cheer,Chevrolet,Pearl,2020-01-06 12:01:34
5e85d3dafc13ae0d72000122,"Enigma of Kaspar Hauser, The (a.k.a. Mystery of Kaspar Hauser, The) (Jeder für sich und Gott Gegen Alle)",Mitsubishi,Gusty,2019-11-19 12:56:44
5e85d3dafc13ae0d72000123,"Hidden Assassin (Shooter, The)",Hummer,Katalin,2019-05-09 10:30:12
5e85d3dafc13ae0d72000124,"Life and Nothing But (Vie et rien d'autre, La)",Ford,Kassia,2019-12-07 20:11:32
5e85d3dafc13ae0d72000125,"Long Ride Home, The",Subaru,Zacharie,2019-09-24 07:26:04
5e85d3dafc13ae0d72000126,Futureworld,BMW,Margot,2020-03-19 12:45:38
5e85d3dafc13ae0d72000127,Fuck,Lincoln,Daffy,2019-05-03 15:52:34
5e85d3dafc13ae0d72000128,Candyman 3: Day of the Dead,Chevrolet,Myrtia,2020-03-08 08:50:48
5e85d3dafc13ae0d72000129,"Atlantis, the Lost Continent",Mercury,Alaine,2019-12-21 21:14:22
5e85d3dafc13ae0d7200012a,Dark Portals: The Chronicles of Vidocq  (Vidocq),Toyota,Vernen,2020-03-09 02:12:02
5e85d3dafc13ae0d7200012b,"Millions Game, The (Das Millionenspiel)",Maybach,Aimil,2020-02-02 11:11:44
5e85d3dafc13ae0d7200012c,"Haunted, The",Lexus,Leonelle,2019-05-13 00:47:42
5e85d3dafc13ae0d7200012d,Paradise,Nissan,Finlay,2020-02-08 10:47:30
5e85d3dafc13ae0d7200012e,Angels Sing,Mercedes-Benz,Sibel,2019-04-14 15:23:20
5e85d3dafc13ae0d7200012f,Monty Python and the Holy Grail,Lamborghini,Collie,2019-04-09 06:55:08
5e85d3dafc13ae0d72000130,12 Angry Men,Mazda,Delainey,2020-02-05 13:55:07
5e85d3dafc13ae0d72000131,Crimson Gold (Talaye sorgh),Lexus,Ber,2019-05-14 23:57:01
5e85d3dafc13ae0d72000132,"Court-Martial of Billy Mitchell, The",Lincoln,Levey,2020-01-17 03:15:26
5e85d3dafc13ae0d72000133,What's Eating Gilbert Grape,Nissan,Nedi,2019-10-08 01:30:29
5e85d3dafc13ae0d72000134,"Late George Apley, The",Ford,Cam,2019-04-13 05:38:59
5e85d3dafc13ae0d72000135,"Evil That Men Do, The",Mitsubishi,Con,2019-07-26 11:22:02
5e85d3dafc13ae0d72000136,"Spoilers, The",MINI,Asa,2019-09-14 02:52:20
5e85d3dafc13ae0d72000137,Quatre garçons pleins d'avenir,Nissan,Nannette,2019-08-22 04:39:48
5e85d3dafc13ae0d72000138,"Empty Mirror, The",Volkswagen,Marijo,2019-06-05 18:24:46
5e85d3dafc13ae0d72000139,Carnal Knowledge,Toyota,Abramo,2020-02-04 07:55:44
5e85d3dafc13ae0d7200013a,Germinal,Chevrolet,Stacy,2019-10-15 12:47:35
5e85d3dafc13ae0d7200013b,Lawnmower Man 2: Beyond Cyberspace,Chevrolet,Franny,2019-12-28 12:44:33
5e85d3dafc13ae0d7200013c,Chain Reaction,Mercedes-Benz,Nady,2020-02-19 06:35:33
5e85d3dafc13ae0d7200013d,Infection (Kansen),Bentley,Crosby,2020-03-10 15:16:25
5e85d3dafc13ae0d7200013e,Immensee,Maybach,Peggy,2019-08-03 19:23:34
5e85d3dafc13ae0d7200013f,High Fidelity,GMC,Zsazsa,2019-11-11 07:35:00
5e85d3dafc13ae0d72000140,"Cameraman, The",Spyker,Arlina,2020-02-10 20:30:52
5e85d3dafc13ae0d72000141,Headshot,Kia,Hermann,2019-08-28 03:12:25
5e85d3dafc13ae0d72000142,Romance,GMC,Brooke,2019-04-28 21:28:30
5e85d3dafc13ae0d72000143,Fire Birds,Honda,Alwin,2019-05-31 01:34:31
5e85d3dafc13ae0d72000144,Nick and Norah's Infinite Playlist,Mitsubishi,Kamila,2019-05-02 00:17:37
5e85d3dafc13ae0d72000145,"2 Fast 2 Furious (Fast and the Furious 2, The)",Hummer,John,2019-12-02 12:43:22
5e85d3dafc13ae0d72000146,Pretty/Handsome,Dodge,Donia,2019-11-17 02:02:47
5e85d3dafc13ae0d72000147,"Undefeated, The",Ford,Devon,2019-12-23 16:43:38
5e85d3dafc13ae0d72000148,Guns of the Magnificent Seven,Audi,Collie,2019-04-08 14:03:09
5e85d3dafc13ae0d72000149,The Count of Monte Cristo,Porsche,Conn,2019-04-18 17:55:45
5e85d3dafc13ae0d7200014a,Artifact,Chevrolet,Orin,2020-02-18 06:15:56
5e85d3dafc13ae0d7200014b,Loving You,Chevrolet,Marcel,2020-01-31 20:04:05
5e85d3dafc13ae0d7200014c,Those Magnificent Men in Their Flying Machines,Infiniti,Cyndy,2019-07-24 23:20:56
5e85d3dafc13ae0d7200014d,Manson,Lexus,Welsh,2019-04-28 14:13:17
5e85d3dafc13ae0d7200014e,One of Our Dinosaurs Is Missing,Dodge,Loraine,2019-07-02 01:02:14
5e85d3dafc13ae0d7200014f,I Shot a Man in Vegas,Audi,Kimberley,2019-06-25 13:27:26
5e85d3dafc13ae0d72000150,"Tin Star, The",Chevrolet,Coral,2019-04-29 23:08:42
5e85d3dafc13ae0d72000151,"Illustrated Man, The",Pontiac,Roley,2019-06-24 15:20:15
5e85d3dafc13ae0d72000152,"Trouble with Dee Dee, The",Ford,Carlyle,2019-10-23 00:07:23
5e85d3dafc13ae0d72000153,Hotel Reserve,Chevrolet,Orelie,2019-05-15 21:06:52
5e85d3dafc13ae0d72000154,Charlie Chan in Shanghai,Subaru,Federico,2019-07-25 13:38:36
5e85d3dafc13ae0d72000155,Demetrius and the Gladiators,Toyota,Giraud,2019-09-21 09:40:03
5e85d3dafc13ae0d72000156,Prison of the Dead,Ford,Harland,2020-02-05 05:26:30
5e85d3dafc13ae0d72000157,Cuban Fury,Isuzu,Rivkah,2019-04-28 22:52:00
5e85d3dafc13ae0d72000158,State of Play,Mazda,Ann,2019-07-06 12:12:18
5e85d3dafc13ae0d72000159,Hot Shots! Part Deux,Nissan,Auberta,2019-11-13 05:28:24
5e85d3dafc13ae0d7200015a,Dracula,Acura,Arlana,2020-03-26 17:12:44
5e85d3dafc13ae0d7200015b,Redline,Hyundai,Pascal,2019-09-28 03:27:50
5e85d3dafc13ae0d7200015c,"Thank You, Mr. Moto",Jeep,Clyde,2019-06-18 12:56:23
5e85d3dafc13ae0d7200015d,"Wild Parrots of Telegraph Hill, The",Chevrolet,Hersch,2019-09-16 15:25:23
5e85d3dafc13ae0d7200015e,Love and Honor,Ford,Adam,2019-12-11 07:46:00
5e85d3dafc13ae0d7200015f,Philanthropy (Filantropica),Mazda,Cassandry,2019-08-20 10:34:47
5e85d3dafc13ae0d72000160,Dear Wendy,Dodge,Ally,2019-10-04 17:22:32
5e85d3dafc13ae0d72000161,Good Luck Chuck,Dodge,Benji,2019-07-01 03:58:17
5e85d3dafc13ae0d72000162,Passport to Pimlico,Infiniti,Salmon,2020-03-12 14:42:39
5e85d3dafc13ae0d72000163,Little Women,Audi,Shela,2019-10-14 20:31:11
5e85d3dafc13ae0d72000164,Downloading Nancy,Dodge,Siobhan,2019-04-21 01:50:15
5e85d3dafc13ae0d72000165,Double Wedding,Mazda,Arnuad,2019-10-05 12:12:36
5e85d3dafc13ae0d72000166,Carless Love,Volvo,Rana,2019-09-03 00:15:38
5e85d3dafc13ae0d72000167,Brewster's Millions,Pontiac,Willetta,2020-03-27 20:19:55
5e85d3dafc13ae0d72000168,Where the Day Takes You,Scion,Willa,2019-06-30 07:12:58
5e85d3dafc13ae0d72000169,Aziz Ansari: Live at Madison Square Garden,Ford,Marya,2019-04-22 21:00:19
5e85d3dafc13ae0d7200016a,Hammer of the Gods,Subaru,Brendan,2020-01-02 11:28:52
5e85d3dafc13ae0d7200016b,My Darling Clementine,Kia,Georgie,2019-04-26 02:50:12
5e85d3dafc13ae0d7200016c,Elevator Girl,Chevrolet,Ernestus,2019-10-05 13:02:03
5e85d3dafc13ae0d7200016d,"Official Story, The (La historia oficial)",Buick,Patin,2019-10-19 12:39:43
5e85d3dafc13ae0d7200016e,"Silent Night, Bloody Night",Kia,Ludovico,2019-10-04 07:23:44
5e85d3dafc13ae0d7200016f,"Blue Umbrella, The",Mazda,Arnoldo,2019-10-07 05:58:36
5e85d3dafc13ae0d72000170,"Dragon Missile, The (Fei long zhan)",Audi,Rozele,2019-07-09 07:20:25
5e85d3dafc13ae0d72000171,Mark of the Devil (Hexen bis aufs Blut gequält),Ram,Mandel,2019-07-18 04:01:11
5e85d3dafc13ae0d72000172,"House with Laughing Windows, The (Casa dalle finestre che ridono, La)",Chevrolet,Emmalynn,2019-07-29 20:38:05
5e85d3dafc13ae0d72000173,Hear No Evil,Volvo,Howard,2019-06-17 06:23:46
5e85d3dafc13ae0d72000174,Time in the Minors,Aston Martin,Dru,2019-07-29 11:42:04
5e85d3dafc13ae0d72000175,Great Expectations,Honda,Rhonda,2019-08-13 02:23:36
5e85d3dafc13ae0d72000176,Symmetry (Symetria),Honda,Mirna,2019-07-29 07:17:24
5e85d3dafc13ae0d72000177,Eight Legged Freaks,Saab,Sianna,2020-01-26 17:39:32
5e85d3dafc13ae0d72000178,Scarface,Chevrolet,Kissie,2019-11-28 18:33:10
5e85d3dafc13ae0d72000179,Modigliani,Nissan,Alic,2020-01-15 07:41:14
5e85d3dafc13ae0d7200017a,Confidential Report,BMW,Mordy,2020-02-13 10:15:00
5e85d3dafc13ae0d7200017b,Lana Turner... a Daughter's Memoir,GMC,Robina,2019-12-17 16:07:31
5e85d3dafc13ae0d7200017c,Dark Habits (Entre tinieblas),Chevrolet,Eileen,2019-04-24 17:05:19
5e85d3dafc13ae0d7200017d,"Wizard, The",GMC,Francklyn,2019-07-16 18:15:07
5e85d3dafc13ae0d7200017e,Hôtel du Nord,Mitsubishi,Corinne,2019-04-27 14:47:26
5e85d3dafc13ae0d7200017f,"Adventures of Food Boy, The (aka High School Superhero)",Lotus,Dalton,2019-10-24 05:48:47
5e85d3dafc13ae0d72000180,"Enforcer, The",Nissan,Towny,2020-02-23 09:22:42
5e85d3dafc13ae0d72000181,Peter & the Wolf,Chevrolet,Page,2019-06-14 11:05:14
5e85d3dafc13ae0d72000182,Pot O' Gold,Dodge,Jasen,2020-01-27 15:14:31
5e85d3dafc13ae0d72000183,Rapado,Infiniti,Hollie,2019-07-01 22:09:46
5e85d3dafc13ae0d72000184,"4th Floor, The",BMW,Merrie,2020-01-07 04:26:36
5e85d3dafc13ae0d72000185,Bedrooms & Hallways,Toyota,Westbrooke,2020-01-12 23:46:45
5e85d3dafc13ae0d72000186,The Hyperboloid of Engineer Garin (Giperboloid inzhenera Garina),Honda,Anabal,2020-03-07 18:42:14
5e85d3dafc13ae0d72000187,Skin Game,Acura,Tamra,2019-09-21 21:10:50
5e85d3dafc13ae0d72000188,Girls Town,BMW,Ruperta,2019-09-13 07:09:41
5e85d3dafc13ae0d72000189,Dark Horse (Voksne mennesker),Audi,Cristie,2020-03-15 14:12:02
5e85d3dafc13ae0d7200018a,"Dyatlov Pass Incident, The (Devil's Pass)",Pontiac,Ralina,2019-08-01 19:01:00
5e85d3dafc13ae0d7200018b,"Girl from the Naked Eye, The",Buick,Phyllis,2020-03-06 12:00:01
5e85d3dafc13ae0d7200018c,"Man Who Could Work Miracles, The",Lexus,Sandor,2019-05-28 00:43:53
5e85d3dafc13ae0d7200018d,Couples Retreat,Toyota,Billye,2019-08-01 11:06:41
5e85d3dafc13ae0d7200018e,Jackboots on Whitehall,Hyundai,Ruby,2019-04-17 21:21:09
5e85d3dafc13ae0d7200018f,Saving Shiloh,GMC,Huey,2020-02-08 18:38:48
5e85d3dafc13ae0d72000190,"Scene at the Sea, A (Ano natsu, ichiban shizukana umi)",Jeep,Virgina,2020-01-22 21:57:07
5e85d3dafc13ae0d72000191,Private,Toyota,Nonna,2019-10-18 08:45:00
5e85d3dafc13ae0d72000192,Kings of Pastry (Les rois de la pâtisserie),Saturn,Any,2019-12-30 10:42:49
5e85d3dafc13ae0d72000193,Acacia,Mercedes-Benz,Markus,2019-04-11 15:53:50
5e85d3dafc13ae0d72000194,Rosewood,Mazda,Janene,2019-09-20 19:08:29
5e85d3dafc13ae0d72000195,"Animal Kingdom, The",Volkswagen,Joell,2019-10-25 04:24:38
5e85d3dafc13ae0d72000196,"Watcher in the Woods, The",Dodge,Morten,2019-07-08 03:48:10
5e85d3dafc13ae0d72000197,Geek Charming,Chrysler,Jonis,2019-08-20 01:18:30
5e85d3dafc13ae0d72000198,Anything But Love (a.k.a. Standard Time),Jeep,Hercule,2020-03-04 02:40:14
5e85d3dafc13ae0d72000199,Last Night,Infiniti,Isahella,2019-05-02 09:55:58
5e85d3dafc13ae0d7200019a,Tali-Ihantala 1944,Volvo,Hartley,2019-09-08 06:06:07
5e85d3dafc13ae0d7200019b,War of the Robots (La guerra dei robot),Mercury,Neysa,2019-07-29 04:26:34
5e85d3dafc13ae0d7200019c,"Happiness of the Katakuris, The (Katakuri-ke no kôfuku)",Toyota,Barnebas,2019-04-12 18:56:52
5e85d3dafc13ae0d7200019d,Craig Ferguson: I'm Here To Help,Ford,Tracey,2019-10-22 04:48:50
5e85d3dafc13ae0d7200019e,"Last Waltz, The",Pontiac,Kendall,2020-02-15 19:18:43
5e85d3dafc13ae0d7200019f,Mystery (Fu cheng mi shi),Pontiac,Chickie,2019-09-08 05:24:34
5e85d3dafc13ae0d720001a0,Eulogy,Audi,Kelley,2019-05-18 01:37:54
5e85d3dafc13ae0d720001a1,"Quiet American, The",Lamborghini,Priscella,2019-12-14 10:30:06
5e85d3dafc13ae0d720001a2,Private Property (Nue propriété),Nissan,Abba,2019-11-13 23:37:25
5e85d3dafc13ae0d720001a3,Resistance,Volkswagen,Jammal,2019-04-20 12:50:48
5e85d3dafc13ae0d720001a4,Street Fighter: The Legend of Chun-Li,Audi,Jerrilyn,2019-06-30 22:05:23
5e85d3dafc13ae0d720001a5,Paris Blues,Ford,Rosaline,2019-12-12 08:55:54
5e85d3dafc13ae0d720001a6,"Homesman, The",Ford,Heall,2019-09-28 13:46:33
5e85d3dafc13ae0d720001a7,Night on the Galactic Railroad (Ginga-tetsudo no yoru),Toyota,Amalea,2020-02-10 12:29:53
5e85d3dafc13ae0d720001a8,Big Bad Love,Chevrolet,Tawnya,2019-11-27 04:22:28
5e85d3dafc13ae0d720001a9,"Powerpuff Girls, The",Lincoln,Emmit,2019-06-02 09:20:23
5e85d3dafc13ae0d720001aa,"Man Who Knew Too Much, The",Mazda,Laryssa,2020-01-19 10:11:04
5e85d3dafc13ae0d720001ab,Cutie Honey,Infiniti,Aeriela,2019-07-03 13:28:01
5e85d3dafc13ae0d720001ac,The Incite Mill - 7 Day Death Game,Pontiac,Zorine,2019-10-07 01:56:54
5e85d3dafc13ae0d720001ad,Planes: Fire & Rescue,Nissan,Oswald,2019-05-05 08:42:28
5e85d3dafc13ae0d720001ae,Along the Sungari River (Song hua jiang shang),Pontiac,Norris,2020-03-25 23:14:45
5e85d3dafc13ae0d720001af,Life as We Know It,Chevrolet,Fara,2019-07-02 03:13:57
5e85d3dafc13ae0d720001b0,"Keeper, The",Mitsubishi,Felicio,2020-01-31 07:02:58
5e85d3dafc13ae0d720001b1,Storage,Toyota,Yasmeen,2019-05-22 11:04:35
5e85d3dafc13ae0d720001b2,Song of the Exile (Ke tu qiu hen),Mazda,Ursuline,2019-10-08 14:07:22
5e85d3dafc13ae0d720001b3,Juice,Kia,Read,2019-04-12 06:59:03
5e85d3dafc13ae0d720001b4,7 Plus Seven,Subaru,Jeralee,2019-05-02 14:24:00
5e85d3dafc13ae0d720001b5,Villa Rides!,Subaru,Gusta,2019-07-10 02:15:22
5e85d3dafc13ae0d720001b6,"Last Mistress, The (vieille maîtresse, Une)",GMC,Kaitlynn,2019-07-16 11:58:45
5e85d3dafc13ae0d720001b7,Week-End at the Waldorf,Toyota,Alwyn,2019-06-06 20:30:26
5e85d3dafc13ae0d720001b8,Century of the Dragon (Long zai bian yuan),Toyota,Dion,2019-06-14 20:11:12
5e85d3dafc13ae0d720001b9,Maytime,Mitsubishi,Grazia,2020-02-01 06:57:58
5e85d3dafc13ae0d720001ba,"Leading Man, The",Nissan,Claudelle,2019-11-22 02:00:34
5e85d3dafc13ae0d720001bb,Summer of Sam,Mercury,Athena,2020-03-26 08:42:17
5e85d3dafc13ae0d720001bc,Killjoy 2: Deliverance from Evil,Volkswagen,Antons,2019-05-24 12:08:12
5e85d3dafc13ae0d720001bd,Tales from the Script,Ford,Dorise,2020-01-10 03:41:51
5e85d3dafc13ae0d720001be,"South of Heaven, West of Hell",Pontiac,Nancie,2019-12-07 02:34:38
5e85d3dafc13ae0d720001bf,Ever After: A Cinderella Story,Chevrolet,Bud,2020-03-27 00:13:02
5e85d3dafc13ae0d720001c0,"Wildest Dream, The",Maserati,Gilda,2019-08-11 14:45:15
5e85d3dafc13ae0d720001c1,"Shop on Main Street, The (Obchod na korze)",Mazda,Lucilia,2019-04-08 15:41:17
5e85d3dafc13ae0d720001c2,Admiral,GMC,Verney,2019-04-23 10:42:01
5e85d3dafc13ae0d720001c3,Paradise,Suzuki,Beatrisa,2019-09-29 13:28:22
5e85d3dafc13ae0d720001c4,"Da Vinci Code, The",Hyundai,Field,2019-05-10 21:22:27
5e85d3dafc13ae0d720001c5,Extremely Loud and Incredibly Close,Buick,Dolli,2019-04-21 01:09:19
5e85d3dafc13ae0d720001c6,A Chinese in a Coma,Mitsubishi,Gianna,2020-01-13 02:20:08
5e85d3dafc13ae0d720001c7,Raising Cain,Chevrolet,Gwen,2020-02-14 21:02:18
5e85d3dafc13ae0d720001c8,Primrose Path,Volkswagen,Abram,2020-03-11 04:37:53
5e85d3dafc13ae0d720001c9,Starry starry night (Xing kong),Ferrari,Ruthanne,2019-05-31 22:10:14
5e85d3dafc13ae0d720001ca,Feast of All Saints,Buick,Maddy,2019-12-23 20:32:39
5e85d3dafc13ae0d720001cb,Strangeland,Toyota,Gray,2019-05-13 07:09:59
5e85d3dafc13ae0d720001cc,"Pornographer, The (Le pornographe)",Oldsmobile,Reine,2020-02-07 02:01:03
5e85d3dafc13ae0d720001cd,Clue,Audi,Evey,2020-02-22 09:08:43
5e85d3dafc13ae0d720001ce,Tenderness (Hellyys),Dodge,Cleon,2019-10-18 14:30:00
5e85d3dafc13ae0d720001cf,"Lesson in Love, A (En lektion i kärlek)",Chevrolet,Nata,2019-06-20 16:11:04
5e85d3dafc13ae0d720001d0,Wings of Courage,GMC,Nikki,2019-07-09 12:53:26
5e85d3dafc13ae0d720001d1,Blood Beach,Maserati,Trev,2019-12-29 08:40:52
5e85d3dafc13ae0d720001d2,Farce of the Penguins,Toyota,Sterling,2019-07-02 10:07:56
5e85d3dafc13ae0d720001d3,Making 'The New World',Hyundai,Arthur,2019-12-09 09:04:38
5e85d3dafc13ae0d720001d4,Cinema Komunisto,Scion,Merl,2019-09-17 14:19:26
5e85d3dafc13ae0d720001d5,Stereo,Toyota,Ainslie,2019-05-05 11:29:58
5e85d3dafc13ae0d720001d6,"Cannonball Run, The",Buick,Halimeda,2019-07-01 04:22:41
5e85d3dafc13ae0d720001d7,Jason Goes to Hell: The Final Friday,Honda,Elle,2020-01-03 04:09:33
5e85d3dafc13ae0d720001d8,Blades of Glory,Volkswagen,Shandra,2019-05-26 03:29:25
5e85d3dafc13ae0d720001d9,Spine Tingler!  The William Castle Story,Mercedes-Benz,Cherey,2019-09-24 16:52:06
5e85d3dafc13ae0d720001da,3 dev adam (Three Giant Men) ,Dodge,Kristopher,2020-03-06 16:11:48
5e85d3dafc13ae0d720001db,You'll Never Get Rich,Cadillac,Adrianne,2019-05-11 14:45:26
5e85d3dafc13ae0d720001dc,"Sandpiper, The",Audi,Eran,2020-01-03 06:51:13
5e85d3dafc13ae0d720001dd,"Loved Ones, The",Nissan,Pauline,2020-01-15 09:54:06
5e85d3dafc13ae0d720001de,"Tsatsiki, Morsan och Polisen",Pontiac,Wilbert,2020-02-06 23:27:48
5e85d3dafc13ae0d720001df,"Leading Man, The",Mercedes-Benz,Rosalinde,2019-10-20 05:57:11
5e85d3dafc13ae0d720001e0,Scars of Dracula,Toyota,Zebulen,2019-04-03 11:56:02
5e85d3dafc13ae0d720001e1,Nevada Smith,Infiniti,Tamqrah,2019-12-28 11:11:47
5e85d3dafc13ae0d720001e2,Hum Dil De Chuke Sanam,Ford,Almira,2019-10-12 10:36:20
5e85d3dafc13ae0d720001e3,"Town Called Hell, A",Toyota,Bernadina,2019-04-22 14:24:10
5e85d3dafc13ae0d720001e4,Lightnin',Ford,Arlie,2019-05-09 20:15:30
5e85d3dafc13ae0d720001e5,"Marathon Family, The (Maratonci Trce Pocasni Krug)",Pontiac,Keelia,2019-10-09 03:47:19
5e85d3dafc13ae0d720001e6,In the Electric Mist,Mercedes-Benz,Berny,2019-11-04 05:57:00
5e85d3dafc13ae0d720001e7,Genocide (Konchû daisensô),Hyundai,Datha,2019-05-16 16:39:49
5e85d3dafc13ae0d720001e8,Longtime Companion,Mitsubishi,Darcee,2019-12-15 07:37:37
5e85d3dafc13ae0d720001e9,My Name is Khan,Toyota,Puff,2019-08-18 07:25:12
5e85d3dafc13ae0d720001ea,"Man Who Cried, The",Toyota,Culver,2019-09-13 07:27:07
5e85d3dafc13ae0d720001eb,Escape From Tomorrow,Suzuki,Miran,2019-08-21 14:36:56
5e85d3dafc13ae0d720001ec,Les hautes solitudes,Honda,Derward,2019-07-08 12:57:41
5e85d3dafc13ae0d720001ed,Poltergeist,Chevrolet,Dinny,2019-09-17 22:24:38
5e85d3dafc13ae0d720001ee,Fool's Gold,Ford,Romona,2019-11-04 17:53:10
5e85d3dafc13ae0d720001ef,One Direction: This Is Us,Honda,Miran,2020-01-13 17:41:25
5e85d3dafc13ae0d720001f0,Bluebeard (Barbe Bleue),Mercedes-Benz,Chloe,2019-12-07 21:50:49
5e85d3dafc13ae0d720001f1,Pearl Jam: Immagine in Cornice - Live in Italy 2006,Ford,Celinka,2019-04-18 11:32:08
5e85d3dafc13ae0d720001f2,Better Living,Chevrolet,Piper,2019-07-23 13:37:44
5e85d3dafc13ae0d720001f3,Grass: A Nation's Battle for Life,Toyota,Robbie,2019-11-16 16:18:43
5e85d3dafc13ae0d720001f4,Nurse 3D,Mercury,Brooke,2019-05-01 20:05:45
5e85d3dafc13ae0d720001f5,Legend of the Black Scorpion (a.k.a. The Banquet) (Ye yan),Mazda,Shaylyn,2019-09-22 23:31:10
5e85d3dafc13ae0d720001f6,"Class Trip, The (La classe de neige)",Saturn,Elva,2019-09-14 04:47:58
5e85d3dafc13ae0d720001f7,Chicago,GMC,Clea,2019-11-23 08:20:32
5e85d3dafc13ae0d720001f8,Chinese Zodiac (Armour of God III) (CZ12),Mercedes-Benz,Sande,2019-04-02 11:49:44
5e85d3dafc13ae0d720001f9,Typhoon (Tae-poong),Mercedes-Benz,Marijo,2019-04-20 10:08:26
5e85d3dafc13ae0d720001fa,Fjorton suger,Honda,Jamie,2019-10-02 06:57:49
5e85d3dafc13ae0d720001fb,Undercover Brother,Saturn,Lynett,2020-03-15 21:08:49
5e85d3dafc13ae0d720001fc,Untamed Youth,Toyota,Berkly,2020-02-27 22:03:49
5e85d3dafc13ae0d720001fd,Russian Dolls (Les poupées russes),Mitsubishi,Clair,2019-04-16 17:18:38
5e85d3dafc13ae0d720001fe,Graffiti Bridge,Land Rover,Gillan,2020-01-29 00:54:33
5e85d3dafc13ae0d720001ff,Jump Tomorrow,Austin,Brittany,2019-08-19 01:02:00
5e85d3dafc13ae0d72000200,"Wool Cap, The",Lotus,Wittie,2019-09-28 05:47:37
5e85d3dafc13ae0d72000201,Bickford Shmeckler's Cool Ideas,Lexus,Zahara,2019-05-16 04:39:06
5e85d3dafc13ae0d72000202,San Pietro,Toyota,Dani,2020-01-27 22:32:39
5e85d3dafc13ae0d72000203,"Legend of Sleepy Hollow, The",Chevrolet,Tallie,2019-11-28 19:14:36
5e85d3dafc13ae0d72000204,Ski School,Cadillac,Elladine,2019-12-19 04:44:46
5e85d3dafc13ae0d72000205,Blood Feast,Volvo,Virgie,2019-07-27 03:38:39
5e85d3dafc13ae0d72000206,American Horror House (Sorority Horror House),Infiniti,Stavro,2019-08-25 01:34:36
5e85d3dafc13ae0d72000207,Up in the Wind,Geo,Lindy,2020-01-14 08:53:20
5e85d3dafc13ae0d72000208,"Yakuza, The",Hyundai,Fleur,2019-05-10 21:43:47
5e85d3dafc13ae0d72000209,Stunt Rock,Land Rover,Josiah,2019-09-29 10:55:41
5e85d3dafc13ae0d7200020a,Assassination of a High School President,Chevrolet,Cherye,2020-03-08 11:53:36
5e85d3dafc13ae0d7200020b,Mountain Patrol (Kekexili),Mercury,Giordano,2019-08-18 09:12:08
5e85d3dafc13ae0d7200020c,Rampage,Toyota,Garik,2020-01-13 21:57:37
5e85d3dafc13ae0d7200020d,"Way, Way Back, The",Nissan,Clarabelle,2019-10-31 10:09:32
5e85d3dafc13ae0d7200020e,"Big White, The",Buick,Dwight,2019-05-16 15:52:33
5e85d3dafc13ae0d7200020f,20 Feet from Stardom (Twenty Feet from Stardom),Mercedes-Benz,Merrie,2019-04-02 23:26:19
5e85d3dafc13ae0d72000210,His Name Was Jason: 30 Years of Friday the 13th,Chevrolet,Forrester,2019-07-30 21:38:20
5e85d3dafc13ae0d72000211,Guest of Cindy Sherman,Mitsubishi,Geralda,2019-09-30 06:18:57
5e85d3dafc13ae0d72000212,Re-cycle (Gwai wik),Pontiac,Margareta,2020-03-16 09:06:22
5e85d3dafc13ae0d72000213,WWII IN HD,Audi,Mallory,2019-04-23 23:04:29
5e85d3dafc13ae0d72000214,Shaft,Maserati,Sybyl,2019-10-05 09:14:01
5e85d3dafc13ae0d72000215,Two Deaths,Ford,Amata,2019-12-30 18:40:22
5e85d3dafc13ae0d72000216,Vuonna 85,Ford,Pall,2019-05-10 00:51:27
5e85d3dafc13ae0d72000217,The Very Thought of You,Chevrolet,Andonis,2019-08-04 12:42:51
5e85d3dafc13ae0d72000218,Toy Story Toons: Hawaiian Vacation,Land Rover,Rona,2019-07-22 08:15:47
5e85d3dafc13ae0d72000219,"Cat's Meow, The",GMC,Tove,2019-08-26 13:03:43
5e85d3dafc13ae0d7200021a,Titanic,Kia,Richie,2019-05-24 20:40:43
5e85d3dafc13ae0d7200021b,Orderly or Disorderly (Be Tartib ya Bedoun-e Tartib),Chevrolet,Freddie,2020-02-08 09:54:41
5e85d3dafc13ae0d7200021c,Woodstock,BMW,Germayne,2019-09-14 17:50:33
5e85d3dafc13ae0d7200021d,Anything Goes,Jeep,Felicity,2019-08-26 04:37:15
5e85d3dafc13ae0d7200021e,Frozen,Chevrolet,Adlai,2019-06-05 23:43:05
5e85d3dafc13ae0d7200021f,Price of Glory,Jeep,Aluino,2019-04-08 03:58:04
5e85d3dafc13ae0d72000220,Scandal (Shubun),GMC,Kennedy,2020-01-26 17:30:26
5e85d3dafc13ae0d72000221,Take My Eyes (Te doy mis ojos),Rolls-Royce,Hasheem,2019-06-17 09:33:15
5e85d3dafc13ae0d72000222,Mr. Magorium's Wonder Emporium,Audi,Che,2019-08-27 16:10:23
5e85d3dafc13ae0d72000223,"Eyes Without a Face (Yeux sans visage, Les)",Kia,Kev,2019-08-27 07:20:19
5e85d3dafc13ae0d72000224,Carnival in Flanders (La kermesse héroïque),Chevrolet,Peterus,2019-09-25 22:13:11
5e85d3dafc13ae0d72000225,Black Friday,Mazda,Mady,2019-09-17 09:40:55
5e85d3dafc13ae0d72000226,Leontine,Mazda,Feodora,2020-03-10 06:43:23
5e85d3dafc13ae0d72000227,With Honors,Lincoln,Newton,2019-08-30 03:03:39
5e85d3dafc13ae0d72000228,Dance with Me,Pontiac,Sharona,2019-10-06 18:44:41
5e85d3dafc13ae0d72000229,Last Night,Eagle,Greggory,2019-12-18 17:59:36
5e85d3dafc13ae0d7200022a,Personal Velocity,Jaguar,Cally,2020-02-23 14:21:58
5e85d3dafc13ae0d7200022b,"Groove Tube, The",GMC,Giulietta,2019-07-12 10:04:09
5e85d3dafc13ae0d7200022c,Crimes of Fashion,Mercedes-Benz,Nert,2019-09-24 12:09:52
5e85d3dafc13ae0d7200022d,Angels Over Broadway,Mercedes-Benz,Iseabal,2019-09-19 03:07:08
5e85d3dafc13ae0d7200022e,Thor: The Dark World,Mercedes-Benz,Pepi,2019-05-03 19:34:28
5e85d3dafc13ae0d7200022f,Horrors of Spider Island (Ein Toter Hing im Netz),Lincoln,Anatol,2019-06-24 03:31:37
5e85d3dafc13ae0d72000230,Curious George,Volkswagen,Sydelle,2019-10-05 14:31:03
5e85d3dafc13ae0d72000231,Drop Dead Fred,Hummer,Terrijo,2019-10-20 00:05:08
5e85d3dafc13ae0d72000232,Quai des Orfèvres (Jenny Lamour),Audi,Jehu,2020-02-16 08:07:15
5e85d3dafc13ae0d72000233,"Falcon and the Snowman, The",Volvo,Pam,2019-11-22 13:43:55
5e85d3dafc13ae0d72000234,Dante's Inferno: An Animated Epic,Hyundai,Freemon,2020-01-14 06:57:38
5e85d3dafc13ae0d72000235,"10th Victim, The (La decima vittima)",Buick,Florentia,2020-03-27 11:29:18
5e85d3dafc13ae0d72000236,Bill Cunningham New York,Mercury,Cozmo,2019-09-30 22:52:26
5e85d3dafc13ae0d72000237,Amira & Sam,Oldsmobile,Ossie,2019-10-31 07:58:07
5e85d3dafc13ae0d72000238,Epic,Ford,Dyanna,2020-02-12 22:45:38
5e85d3dafc13ae0d72000239,Whatever,Dodge,Gilberte,2019-12-23 02:29:38
5e85d3dafc13ae0d7200023a,I'm Still Here,Jeep,Shalne,2020-02-28 05:04:35
5e85d3dafc13ae0d7200023b,Mean Girls 2,Chrysler,Fairfax,2019-09-17 07:50:22
5e85d3dafc13ae0d7200023c,"Game of Their Lives, The",GMC,Klarika,2020-03-04 03:22:36
5e85d3dafc13ae0d7200023d,Preaching to the Perverted,Buick,Gretna,2019-06-13 19:36:03
5e85d3dafc13ae0d7200023e,Tumbleweeds,BMW,Hendrik,2019-11-09 02:28:48
5e85d3dafc13ae0d7200023f,Wild Oranges,Nissan,Niels,2020-02-22 00:25:31
5e85d3dafc13ae0d72000240,Just a Gigolo,Ferrari,Barbe,2020-03-06 01:45:13
5e85d3dafc13ae0d72000241,Dara Ó Briain Talks Funny: Live in London,Suzuki,Brew,2020-02-03 23:09:38
5e85d3dafc13ae0d72000242,Cleaner,Kia,Janna,2019-05-30 18:28:48
5e85d3dafc13ae0d72000243,Zebraman,Dodge,Aurora,2019-10-27 23:48:20
5e85d3dbfc13ae0d72000244,Manhattan Baby,Land Rover,Lisette,2020-02-02 11:23:33
5e85d3dbfc13ae0d72000245,"World's Greatest Athlete, The",Toyota,Heddie,2019-11-16 07:12:42
5e85d3dbfc13ae0d72000246,Sansho the Bailiff (Sanshô dayû),Cadillac,Aksel,2019-07-21 00:03:41
5e85d3dbfc13ae0d72000247,Effi Briest (Fontane - Effi Briest),Bentley,Michaeline,2019-06-21 13:24:43
5e85d3dbfc13ae0d72000248,Song of the Bloodred Flower (Laulu tulipunaisesta kukasta),Plymouth,Alasteir,2019-12-14 18:35:19
5e85d3dbfc13ae0d72000249,BFFs,Lincoln,Zia,2019-11-21 03:59:56
5e85d3dbfc13ae0d7200024a,Taxi Driver,Dodge,Jenn,2019-08-18 06:23:50
5e85d3dbfc13ae0d7200024b,It's Alive 2: It Lives Again,Toyota,Janot,2019-09-01 06:24:18
5e85d3dbfc13ae0d7200024c,"Lives of a Bengal Lancer, The",Toyota,Gustavus,2020-02-15 08:31:03
5e85d3dbfc13ae0d7200024d,Dead or Alive: Hanzaisha,Toyota,Fanya,2019-07-22 03:09:29
5e85d3dbfc13ae0d7200024e,"Fat, Sick & Nearly Dead",Land Rover,Blake,2019-06-11 01:50:37
5e85d3dbfc13ae0d7200024f,Paper Clips,Oldsmobile,Desmund,2020-01-13 07:19:19
5e85d3dbfc13ae0d72000250,Pink Cadillac,Mitsubishi,Mord,2020-02-28 15:25:06
5e85d3dbfc13ae0d72000251,Making Contact (a.k.a. Joey),GMC,Jenn,2019-12-03 21:57:42
5e85d3dbfc13ae0d72000252,"Wild, Wild Planet (I criminali della galassia)",Toyota,Nona,2019-12-11 01:28:07
5e85d3dbfc13ae0d72000253,"House of the Devil, The",Mercedes-Benz,Bentlee,2019-06-12 08:26:30
5e85d3dbfc13ae0d72000254,Needing You... (Goo naam gwa neui),Ford,Elonore,2020-01-31 15:56:35
5e85d3dbfc13ae0d72000255,P.S. I Love You,Chevrolet,Kirby,2020-01-06 13:36:50
5e85d3dbfc13ae0d72000256,Omen IV: The Awakening,Dodge,Jeremiah,2019-11-16 07:55:41
5e85d3dbfc13ae0d72000257,Caliber 9,Geo,Georgetta,2020-01-22 15:49:33
5e85d3dbfc13ae0d72000258,Dan in Real Life,Mercury,Idalia,2019-05-30 22:23:38
5e85d3dbfc13ae0d72000259,"Winter Guest, The",Pontiac,Emilie,2019-11-04 23:29:22
5e85d3dbfc13ae0d7200025a,"Live and Become (Va, vis et deviens)",Mazda,Jehanna,2019-10-20 02:38:02
5e85d3dbfc13ae0d7200025b,"Line King: The Al Hirschfeld Story, The",Saturn,Pepita,2019-05-08 10:11:54
5e85d3dbfc13ae0d7200025c,The Case of the Curious Bride,GMC,Florette,2019-07-17 22:08:36
5e85d3dbfc13ae0d7200025d,Lady in White (a.k.a. The Mystery of the Lady in White),Mercedes-Benz,Chicky,2019-08-04 07:44:23
5e85d3dbfc13ae0d7200025e,Regret to Inform,Dodge,Cullin,2019-10-05 01:09:31
5e85d3dbfc13ae0d7200025f,Enon opetukset,Volkswagen,Joni,2019-09-07 20:59:37
5e85d3dbfc13ae0d72000260,Rocketship X-M,Pontiac,Patric,2020-03-20 09:59:36
5e85d3dbfc13ae0d72000261,Blue Sky,Mercedes-Benz,Caroline,2019-10-09 08:54:13
5e85d3dbfc13ae0d72000262,"Hate (Haine, La)",GMC,Tiffanie,2019-08-13 05:52:27
5e85d3dbfc13ae0d72000263,Tobacco Road,Mazda,Ralina,2019-07-05 06:04:41
5e85d3dbfc13ae0d72000264,Midnight Madness,Cadillac,Gibb,2019-10-02 07:17:09
5e85d3dbfc13ae0d72000265,Lourdes,Bentley,Saxe,2019-12-30 20:35:25
5e85d3dbfc13ae0d72000266,Bloody Territories (Kôiki bôryoku: ryuuketsu no shima),Chevrolet,Diannne,2019-10-12 04:17:29
5e85d3dbfc13ae0d72000267,Burnt by the Sun (Utomlyonnye solntsem),Buick,Yettie,2019-09-05 17:05:10
5e85d3dbfc13ae0d72000268,Megiddo: The Omega Code 2,Nissan,Erhart,2019-05-11 15:40:06
5e85d3dbfc13ae0d72000269,Monty Python: Almost the Truth - Lawyers Cut,Pontiac,Jerry,2019-11-05 13:09:56
5e85d3dbfc13ae0d7200026a,"River Runs Through It, A",Dodge,Cindelyn,2019-09-24 17:57:11
5e85d3dbfc13ae0d7200026b,"Big Bang Love, Juvenile A (46-okunen no koi)",Volkswagen,Thebault,2020-02-01 06:49:19
5e85d3dbfc13ae0d7200026c,Beverly Hills Cop,Pontiac,Clemente,2019-10-16 19:17:40
5e85d3dbfc13ae0d7200026d,"Blueprint for Murder, A",Hyundai,Franny,2020-02-10 14:19:21
5e85d3dbfc13ae0d7200026e,Widows,Chevrolet,Martyn,2019-12-12 19:58:21
5e85d3dbfc13ae0d7200026f,Meilleur espoir féminin,Chrysler,Marion,2019-08-31 13:20:29
5e85d3dbfc13ae0d72000270,"Great Passage, The (Fune wo amu)",Chevrolet,Chandra,2019-08-04 04:15:09
5e85d3dbfc13ae0d72000271,Sword of Gideon,Cadillac,Lonni,2019-05-22 15:29:17
5e85d3dbfc13ae0d72000272,Beautiful Thing,Oldsmobile,Ami,2019-05-25 14:22:23
5e85d3dbfc13ae0d72000273,"Firm, The",Mercury,Shelly,2019-05-03 00:17:26
5e85d3dbfc13ae0d72000274,Tremors,Mercedes-Benz,Dale,2019-07-18 10:05:51
5e85d3dbfc13ae0d72000275,Buying the Cow,Hyundai,Alden,2020-03-19 16:11:57
5e85d3dbfc13ae0d72000276,Intimidation,Honda,Tansy,2019-07-02 16:18:27
5e85d3dbfc13ae0d72000277,Att stjäla en tjuv,Honda,Claire,2019-10-10 05:19:32
5e85d3dbfc13ae0d72000278,2001 Maniacs,Mazda,Zolly,2020-01-04 23:33:45
5e85d3dbfc13ae0d72000279,The Little Matchgirl,Nissan,Elspeth,2019-06-12 13:52:59
5e85d3dbfc13ae0d7200027a,Hôtel des Invalides,Audi,Penny,2020-01-08 20:01:15
5e85d3dbfc13ae0d7200027b,Haunted Honeymoon,Maybach,Koral,2019-05-07 08:04:02
5e85d3dbfc13ae0d7200027c,"Farewell, Home Sweet Home (Adieu, plancher des vaches!)",Mitsubishi,Vern,2019-10-12 04:38:49
5e85d3dbfc13ae0d7200027d,"Hebrew Hammer, The",Chevrolet,Emalee,2020-02-19 11:45:23
5e85d3dbfc13ae0d7200027e,George Carlin: It's Bad for Ya!,Chevrolet,Sabrina,2020-01-29 22:01:15
5e85d3dbfc13ae0d7200027f,Memories of Me,Jeep,Adler,2020-01-05 21:02:27
5e85d3dbfc13ae0d72000280,"Mating Game, The",Honda,Lina,2019-12-11 02:08:01
5e85d3dbfc13ae0d72000281,Coffee Town,Suzuki,Halette,2019-07-17 14:39:32
5e85d3dbfc13ae0d72000282,National Lampoon's Van Wilder,Fiat,Nolie,2019-05-27 11:46:58
5e85d3dbfc13ae0d72000283,Blue Hawaii,Volkswagen,Georgena,2020-01-05 17:52:55
5e85d3dbfc13ae0d72000284,Waydowntown,Mitsubishi,Tansy,2019-05-22 08:59:55
5e85d3dbfc13ae0d72000285,Suomisen Olli yllättää,Volvo,Bill,2019-11-24 21:54:47
5e85d3dbfc13ae0d72000286,Treacle Jr.,Maserati,Ive,2019-08-22 19:49:54
5e85d3dbfc13ae0d72000287,"Baron of Arizona, The",Mazda,Darrell,2019-04-30 18:54:53
5e85d3dbfc13ae0d72000288,"Fragile Trust: Plagiarism, Power, and Jayson Blair at the New York Times, A",Mitsubishi,Patrizius,2019-09-30 09:16:31
5e85d3dbfc13ae0d72000289,Rocket Singh: Salesman of the Year,Honda,Elisa,2020-03-21 01:01:26
5e85d3dbfc13ae0d7200028a,Purple Rain,Ford,Rafe,2020-01-09 03:52:41
5e85d3dbfc13ae0d7200028b,Sylvia,Toyota,Monika,2020-03-08 01:09:25
5e85d3dbfc13ae0d7200028c,Keep the River on Your Right: A Modern Cannibal Tale,Volvo,Puff,2019-11-14 04:37:05
5e85d3dbfc13ae0d7200028d,Toni,Suzuki,Sukey,2019-09-17 12:10:53
5e85d3dbfc13ae0d7200028e,"Enemies of Reason, The",GMC,Benedetta,2019-05-02 05:02:35
5e85d3dbfc13ae0d7200028f,Home Fries,Audi,Olivia,2019-07-07 19:46:09
5e85d3dbfc13ae0d72000290,Attack Force,Kia,Bailie,2019-07-19 23:53:21
5e85d3dbfc13ae0d72000291,Muppets Most Wanted,GMC,Audrey,2019-09-06 19:35:31
5e85d3dbfc13ae0d72000292,Babylon 5: In the Beginning,Chevrolet,Konstanze,2019-09-26 14:30:56
5e85d3dbfc13ae0d72000293,Crime and Punishment,Ford,Kelsy,2019-10-03 07:51:54
5e85d3dbfc13ae0d72000294,Sorority House Massacre,Volkswagen,Phebe,2019-12-24 08:52:31
5e85d3dbfc13ae0d72000295,Home,Toyota,Morganica,2020-01-13 08:44:40
5e85d3dbfc13ae0d72000296,Fireworks Wednesday (Chaharshanbe-soori),Mercury,Mandie,2019-08-07 03:24:32
5e85d3dbfc13ae0d72000297,"Dunwich Horror, The",Ford,Faustina,2019-08-16 15:35:46
5e85d3dbfc13ae0d72000298,Postman Blues,Chevrolet,Edmon,2019-10-16 11:21:12
5e85d3dbfc13ae0d72000299,Wolf Creek,Lamborghini,Joete,2019-07-17 02:45:56
5e85d3dbfc13ae0d7200029a,The Wait,Audi,Nealy,2019-07-29 18:47:12
5e85d3dbfc13ae0d7200029b,"The Hire: Star, The",Mazda,Arline,2019-07-23 16:32:32
5e85d3dbfc13ae0d7200029c,"New Adventures of Pippi Longstocking, The",Ford,Denny,2019-06-15 18:13:13
5e85d3dbfc13ae0d7200029d,Gervaise,Buick,Dexter,2020-03-26 23:36:23
5e85d3dbfc13ae0d7200029e,"North Avenue Irregulars, The",Ford,Gavan,2019-10-06 04:33:56
5e85d3dbfc13ae0d7200029f,All the Young Men,Jeep,Manfred,2020-01-03 13:28:31
5e85d3dbfc13ae0d720002a0,Castle Freak,Pontiac,Riannon,2019-05-17 12:07:58
5e85d3dbfc13ae0d720002a1,Gone Baby Gone,Mercedes-Benz,Deny,2019-07-28 12:56:01
5e85d3dbfc13ae0d720002a2,Pekka ja Pätkä salapoliiseina,Jeep,Erhard,2019-09-17 03:52:48
5e85d3dbfc13ae0d720002a3,Overnight,Ford,Emily,2020-02-06 09:34:10
5e85d3dbfc13ae0d720002a4,The Dependent,Subaru,Sky,2019-12-13 16:00:04
5e85d3dbfc13ae0d720002a5,Space Amoeba (Yog: Monster from Space),Audi,Ranee,2019-09-03 17:37:49
5e85d3dbfc13ae0d720002a6,Flight of the Conchords: A Texan Odyssey,Chevrolet,Godwin,2019-05-22 07:20:51
5e85d3dbfc13ae0d720002a7,"Lesson in Love, A (En lektion i kärlek)",Mitsubishi,Fanechka,2019-11-16 16:46:22
5e85d3dbfc13ae0d720002a8,Courage Mountain,Honda,Iormina,2019-07-15 14:58:17
5e85d3dbfc13ae0d720002a9,Hardcore,Volvo,Sophronia,2019-10-02 23:03:22
5e85d3dbfc13ae0d720002aa,"Double, Double, Toil and Trouble",Jeep,Dasha,2019-07-04 14:59:15
5e85d3dbfc13ae0d720002ab,Let it Rain (Parlez-moi de la pluie),Lexus,Bernetta,2019-09-06 22:01:55
5e85d3dbfc13ae0d720002ac,Takeshis',Dodge,Maurise,2020-01-08 20:12:30
5e85d3dbfc13ae0d720002ad,Buttcrack,Toyota,Fields,2019-09-16 08:35:07
5e85d3dbfc13ae0d720002ae,Madagascar Skin,GMC,Staci,2019-06-08 04:53:24
5e85d3dbfc13ae0d720002af,12:08 East of Bucharest (A fost sau n-a fost?),Chevrolet,Allyn,2019-08-01 02:02:35
5e85d3dbfc13ae0d720002b0,"Guys, The",Lotus,Urbano,2019-09-13 21:20:53
5e85d3dbfc13ae0d720002b1,Sparrow (a.k.a. Cultured Bird) (Man jeuk),Chevrolet,Jamaal,2019-05-20 23:09:09
5e85d3dbfc13ae0d720002b2,"Flaw, The",Mazda,Wally,2019-08-08 12:06:44
5e85d3dbfc13ae0d720002b3,Admiral,Volvo,Nananne,2019-05-29 15:00:28
5e85d3dbfc13ae0d720002b4,Desert Heat (Inferno),Audi,Pauletta,2020-01-10 09:59:55
5e85d3dbfc13ae0d720002b5,"Order, The",Mitsubishi,Sigfried,2019-12-07 08:05:03
5e85d3dbfc13ae0d720002b6,Richard Pryor Live on the Sunset Strip,Mercury,Stanley,2019-07-21 06:41:18
5e85d3dbfc13ae0d720002b7,Melody Time,Volvo,Conrado,2019-08-04 17:13:33
5e85d3dbfc13ae0d720002b8,Winged Creatures (Fragments),Pontiac,Darb,2019-08-20 03:39:30
5e85d3dbfc13ae0d720002b9,"Winner, The",GMC,Rutherford,2020-03-28 10:43:43
5e85d3dbfc13ae0d720002ba,"Last Kiss, The (Ultimo bacio, L')",Lexus,Carmela,2020-02-22 02:48:13
5e85d3dbfc13ae0d720002bb,All American Orgy (Cummings Farm),Volkswagen,Larry,2019-05-12 15:47:27
5e85d3dbfc13ae0d720002bc,U.S. Marshals,Land Rover,Hermia,2019-10-16 07:48:55
5e85d3dbfc13ae0d720002bd,Angel,Lincoln,Hurlee,2019-07-02 23:21:47
5e85d3dbfc13ae0d720002be,Crime Lords of Tokyo,Lotus,Barbi,2019-08-04 22:17:33
5e85d3dbfc13ae0d720002bf,Dragonwyck,Mercury,Petrina,2020-01-14 06:29:35
5e85d3dbfc13ae0d720002c0,Police State,Volkswagen,Theodora,2019-12-06 18:07:07
5e85d3dbfc13ae0d720002c1,"Glimmer Man, The",Mitsubishi,Evin,2020-02-17 21:39:20
5e85d3dbfc13ae0d720002c2,Man in the Wilderness,Bentley,Kay,2019-08-21 17:25:38
5e85d3dbfc13ae0d720002c3,"Godzilla 1985: The Legend Is Reborn (Gojira) (Godzilla) (Return of Godzilla, The)",Cadillac,Golda,2019-06-22 20:40:05
5e85d3dbfc13ae0d720002c4,Tyler Perry's Diary of a Mad Black Woman,Mazda,Archer,2019-10-23 11:15:25
5e85d3dbfc13ae0d720002c5,"Inbetweeners Movie, The",Subaru,Peyter,2020-03-10 13:47:33
5e85d3dbfc13ae0d720002c6,Acacia,Saab,Phyllida,2019-06-29 17:37:31
5e85d3dbfc13ae0d720002c7,One Body Too Many,Subaru,Caesar,2019-07-10 09:11:57
5e85d3dbfc13ae0d720002c8,"Guardian, The",Chevrolet,Allina,2019-04-03 15:45:57
5e85d3dbfc13ae0d720002c9,Kamome Diner,Ford,Lilah,2019-06-26 09:09:26
5e85d3dbfc13ae0d720002ca,The Hellions,Saturn,Kennedy,2020-03-23 19:26:20
5e85d3dbfc13ae0d720002cb,"Prisoner of Zenda, The",GMC,Janeta,2019-05-04 00:25:31
5e85d3dbfc13ae0d720002cc,"Tale of Two Cities, A",Pontiac,Roma,2019-08-15 04:48:30
5e85d3dbfc13ae0d720002cd,One Night at McCool's,Aston Martin,Glynda,2020-01-31 03:01:51
5e85d3dbfc13ae0d720002ce,Tokio Baby,Pontiac,Rafaellle,2019-09-05 03:09:11
5e85d3dbfc13ae0d720002cf,Les invincibles,Pontiac,Melvyn,2019-10-17 04:22:21
5e85d3dbfc13ae0d720002d0,French Twist (Gazon maudit),Nissan,Darren,2019-06-30 01:20:07
5e85d3dbfc13ae0d720002d1,"Men, Women & Children",Volvo,Willem,2019-09-07 02:04:09
5e85d3dbfc13ae0d720002d2,Seven Brothers (Seitsemän veljestä),Ford,Feodora,2019-12-22 20:10:43
5e85d3dbfc13ae0d720002d3,The Land Unknown,BMW,Rosalinda,2019-08-31 06:04:07
5e85d3dbfc13ae0d720002d4,Familia,Mercedes-Benz,Georgetta,2019-12-24 14:10:55
5e85d3dbfc13ae0d720002d5,First Sunday,Morgan,Filberte,2019-08-17 16:00:27
5e85d3dbfc13ae0d720002d6,Japon (a.k.a. Japan) (Japón),Mazda,Jilleen,2019-08-18 03:57:49
5e85d3dbfc13ae0d720002d7,Judex,Saturn,Consuelo,2019-09-10 13:57:47
5e85d3dbfc13ae0d720002d8,Princess (Prinsessa),Eagle,Monro,2020-02-10 02:17:25
5e85d3dbfc13ae0d720002d9,Rose Red,Nissan,Hi,2019-07-01 11:25:35
5e85d3dbfc13ae0d720002da,Saturn 3,Volkswagen,Farly,2019-11-12 19:23:21
5e85d3dbfc13ae0d720002db,Moonfleet,Nissan,Pembroke,2019-07-21 16:43:32
5e85d3dbfc13ae0d720002dc,Sheep Eaters (Lampaansyöjät),Mazda,Marion,2019-06-02 23:39:13
5e85d3dbfc13ae0d720002dd,Premonition,Isuzu,Mirella,2019-10-01 10:11:59
5e85d3dbfc13ae0d720002de,"Yellow Sea, The (a.k.a. The Murderer) (Hwanghae)",Volkswagen,Leo,2019-07-02 19:38:20
5e85d3dbfc13ae0d720002df,See You in the Morning,Buick,Panchito,2020-03-08 06:59:32
5e85d3dbfc13ae0d720002e0,Tombstone,Mazda,Cale,2019-10-25 01:27:24
5e85d3dbfc13ae0d720002e1,Howl's Moving Castle (Hauru no ugoku shiro),BMW,Nickie,2019-11-07 23:46:32
5e85d3dbfc13ae0d720002e2,I'm All Right Jack,Chevrolet,Caspar,2019-06-02 09:01:08
5e85d3dbfc13ae0d720002e3,"Pleasure Garden, The",Volkswagen,Pierre,2020-01-02 22:18:32
5e85d3dbfc13ae0d720002e4,24 Hours on Craigslist,Kia,Bride,2020-02-05 17:10:56
5e85d3dbfc13ae0d720002e5,Jingle All the Way 2,Dodge,Kylie,2020-02-07 15:40:42
5e85d3dbfc13ae0d720002e6,"Doorway to Hell, The",Chrysler,Petronia,2019-04-09 16:39:17
5e85d3dbfc13ae0d720002e7,"Overnighters, The",Mitsubishi,Nalani,2019-07-30 14:55:41
5e85d3dbfc13ae0d720002e8,Nightmares in Red White & Blue: The Evolution of the American Horror Film,Volkswagen,Tana,2020-01-06 05:09:53
5e85d3dbfc13ae0d720002e9,Love and Sex under Nazi Occupation (Amour et sexe sous l'occupation) ,Chevrolet,Derrick,2019-04-21 18:16:50
5e85d3dbfc13ae0d720002ea,Star Maps,Plymouth,Lynne,2020-01-17 02:28:50
5e85d3dbfc13ae0d720002eb,Pay It Forward,Ford,Berri,2019-06-19 08:01:55
5e85d3dbfc13ae0d720002ec,Breathing Room,Oldsmobile,Alford,2019-06-16 23:33:19
5e85d3dbfc13ae0d720002ed,Nobody Knows Anybody (Nadie conoce a nadie),Volvo,Nickey,2019-11-05 23:12:59
5e85d3dbfc13ae0d720002ee,Barabbas,GMC,Barbe,2019-12-23 20:26:27
5e85d3dbfc13ae0d720002ef,"Truth, The ",Nissan,Caldwell,2019-07-20 02:38:59
5e85d3dbfc13ae0d720002f0,"Unsinkable Molly Brown, The",Ford,Ignazio,2020-01-29 02:06:45
5e85d3dbfc13ae0d720002f1,"Devil Is a Woman, The",Lotus,Francisca,2019-04-27 09:05:19
5e85d3dbfc13ae0d720002f2,7 Seconds,Audi,Ashton,2019-12-25 21:45:32
5e85d3dbfc13ae0d720002f3,Amnèsia,Toyota,Carla,2020-01-16 23:05:58
5e85d3dbfc13ae0d720002f4,Dimensions of Dialogue (Moznosti dialogu),Audi,Chickie,2019-05-31 14:16:04
5e85d3dbfc13ae0d720002f5,"Boys of Baraka, The",Chevrolet,Maye,2019-08-03 05:15:35
5e85d3dbfc13ae0d720002f6,"Last Mistress, The (vieille maîtresse, Une)",Chevrolet,Keir,2019-11-05 22:20:22
5e85d3dbfc13ae0d720002f7,Nomad (Köshpendiler),Dodge,Leona,2020-02-09 20:51:14
5e85d3dbfc13ae0d720002f8,Smoke on the Potato Fields (Dým bramborové nate),Chrysler,Davon,2019-06-01 04:45:50
5e85d3dbfc13ae0d720002f9,Patrick,Audi,Joshua,2019-10-18 03:56:49
5e85d3dbfc13ae0d720002fa,Meltdown: Days of Destruction,Buick,Quinn,2019-04-06 14:50:56
5e85d3dbfc13ae0d720002fb,"Affair of the Heart, An",Subaru,Julia,2019-06-12 04:48:18
5e85d3dbfc13ae0d720002fc,Midnight,Cadillac,Heida,2020-02-22 18:38:05
5e85d3dbfc13ae0d720002fd,Horror of the Zombies,Mercedes-Benz,Forrest,2019-05-14 09:56:07
5e85d3dbfc13ae0d720002fe,"Private Life of Don Juan, The",Porsche,Lida,2019-12-18 03:26:15
5e85d3dbfc13ae0d720002ff,Friends & Lovers,Acura,Erhart,2019-12-15 00:43:09
5e85d3dbfc13ae0d72000300,"County Teacher, The (Venkovský ucitel)",Pontiac,Lindy,2019-04-27 21:43:20
5e85d3dbfc13ae0d72000301,Hairspray,Mercury,Fonzie,2019-07-12 06:51:13
5e85d3dbfc13ae0d72000302,Loft (Rofuto),Saturn,Kynthia,2019-12-14 21:44:19
5e85d3dbfc13ae0d72000303,My Man and I,Infiniti,Kaine,2019-04-20 12:33:01
5e85d3dbfc13ae0d72000304,Pursuit to Algiers,Acura,Tamas,2020-03-07 20:07:13
5e85d3dbfc13ae0d72000305,"Creeping Flesh, The",Aston Martin,Thorpe,2019-11-07 14:05:42
5e85d3dbfc13ae0d72000306,Sparks,GMC,Bartlet,2019-11-20 16:33:13
5e85d3dbfc13ae0d72000307,"Mating Season, The",Ford,Alyce,2019-05-23 05:20:02
5e85d3dbfc13ae0d72000308,Too Big to Fail,Scion,Patricia,2019-11-21 17:06:30
5e85d3dbfc13ae0d72000309,Single White Female 2: The Psycho,Volvo,Yoshi,2019-04-27 19:51:07
5e85d3dbfc13ae0d7200030a,Starry Eyes,Subaru,Bronny,2019-09-13 05:24:34
5e85d3dbfc13ae0d7200030b,Wagons East,Audi,Midge,2019-05-24 02:41:19
5e85d3dbfc13ae0d7200030c,Under Fire,Chevrolet,Celka,2019-04-12 03:33:55
5e85d3dbfc13ae0d7200030d,Impulse,Lotus,Dolley,2020-03-28 04:41:05
5e85d3dbfc13ae0d7200030e,Vacuum-Cleaner Salesmen (Pölynimurikauppiaat),Ford,Sybilla,2019-04-03 05:42:18
5e85d3dbfc13ae0d7200030f,Tropical Fish (Re dai yu),Mercury,Leone,2019-11-25 18:51:52
5e85d3dbfc13ae0d72000310,Angie,Honda,Analiese,2019-05-12 07:42:56
5e85d3dbfc13ae0d72000311,Submarine,Chrysler,Justinn,2019-08-13 00:57:45
5e85d3dbfc13ae0d72000312,Dying Breed,Plymouth,Richmound,2019-10-11 15:39:22
5e85d3dbfc13ae0d72000313,Biggles,Oldsmobile,Chantalle,2019-09-02 01:27:31
5e85d3dbfc13ae0d72000314,Wild Horses (Caballos salvajes),Toyota,Fiorenze,2019-07-03 06:26:02
5e85d3dbfc13ae0d72000315,"Single Girl, A (Fille seule, La)",Buick,Amabelle,2019-06-30 18:14:45
5e85d3dbfc13ae0d72000316,Raincoat,Lincoln,Marline,2019-11-16 16:52:53
5e85d3dbfc13ae0d72000317,"Lives of a Bengal Lancer, The",Jeep,Titus,2019-05-28 08:16:52
5e85d3dbfc13ae0d72000318,Branded to Kill (Koroshi no rakuin),Dodge,Modesta,2020-01-27 09:56:57
5e85d3dbfc13ae0d72000319,Canciones de amor en Lolita's Club,Audi,Danita,2019-12-27 01:57:40
5e85d3dbfc13ae0d7200031a,Inglourious Basterds,Toyota,Dario,2020-02-26 02:57:01
5e85d3dbfc13ae0d7200031b,"20,000 Years in Sing Sing",Dodge,Corrie,2020-03-23 02:23:22
5e85d3dbfc13ae0d7200031c,"Sweet Hereafter, The",Dodge,Rolfe,2019-09-25 06:29:37
5e85d3dbfc13ae0d7200031d,Out of the Blue,Ford,Gabi,2019-06-12 23:36:30
5e85d3dbfc13ae0d7200031e,Jonathan Livingston Seagull,Ford,Nada,2020-03-14 02:49:51
5e85d3dbfc13ae0d7200031f,Adaptation,Honda,Onofredo,2019-04-15 22:59:19
5e85d3dbfc13ae0d72000320,Things Behind the Sun,Nissan,Chilton,2019-06-08 15:57:09
5e85d3dbfc13ae0d72000321,200 Cigarettes,Toyota,Will,2019-09-20 20:32:03
5e85d3dbfc13ae0d72000322,"Parent Trap, The",Infiniti,Brod,2019-06-01 22:20:50
5e85d3dbfc13ae0d72000323,Général Idi Amin Dada: A Self Portrait (Général Idi Amin Dada: Autoportrait),Toyota,Ingmar,2019-09-17 19:23:44
5e85d3dbfc13ae0d72000324,Shock Treatment,Saab,Roobbie,2019-06-19 06:42:04
5e85d3dbfc13ae0d72000325,Mad Love,Toyota,Boniface,2019-06-07 13:45:27
5e85d3dbfc13ae0d72000326,Deliver Us From Evil,Mitsubishi,Melicent,2019-09-16 12:56:59
5e85d3dbfc13ae0d72000327,"Lady Vanishes, The",Lincoln,Maryjo,2019-08-06 05:08:56
5e85d3dbfc13ae0d72000328,"Miser, The (L'avare)",Ford,Thomasine,2020-03-21 09:45:02
5e85d3dbfc13ae0d72000329,"Librarian: Return to King Solomon's Mines, The",Subaru,Jaye,2020-03-26 09:32:39
5e85d3dbfc13ae0d7200032a,Guns at Batasi,Mitsubishi,Jarad,2019-09-27 21:26:26
5e85d3dbfc13ae0d7200032b,Babysitter Wanted,Chevrolet,Bryant,2019-07-23 10:11:56
5e85d3dbfc13ae0d7200032c,"Werewolf Boy, A (Neuk-dae-so-nyeon)",Oldsmobile,Carena,2019-07-07 02:17:01
5e85d3dbfc13ae0d7200032d,Duel,Dodge,Devon,2019-08-28 14:15:01
5e85d3dbfc13ae0d7200032e,Wetlands (Feuchtgebiete),Mazda,Kingston,2019-09-23 10:30:58
5e85d3dbfc13ae0d7200032f,Things to Do in Denver When You're Dead,Nissan,Giorgi,2019-08-13 17:06:13
5e85d3dbfc13ae0d72000330,Charlie Victor Romeo,Land Rover,Dudley,2019-05-15 08:13:32
5e85d3dbfc13ae0d72000331,Invisible Agent,Toyota,Brittaney,2020-03-11 08:04:32
5e85d3dbfc13ae0d72000332,Podwórka,Volkswagen,Clarie,2019-12-03 07:51:42
5e85d3dbfc13ae0d72000333,Far Out Isn't Far Enough: The Tomi Ungerer Story,Pontiac,Sharlene,2019-11-06 02:27:19
5e85d3dbfc13ae0d72000334,"Chalk Garden, The",Chevrolet,Gustaf,2019-06-19 10:31:15
5e85d3dbfc13ae0d72000335,Guest of Cindy Sherman,Pontiac,Burg,2020-02-16 17:32:10
5e85d3dbfc13ae0d72000336,Are You Here,Mercury,Hermy,2019-07-06 23:37:15
5e85d3dbfc13ae0d72000337,Plain Dirty (a.k.a. Briar Patch),Chevrolet,Pauli,2019-07-17 16:04:12
5e85d3dbfc13ae0d72000338,My Fake  Fiance,Chevrolet,Haily,2019-05-04 08:48:30
5e85d3dbfc13ae0d72000339,"Decoy Bride, The",Dodge,Isabella,2019-10-06 21:39:25
5e85d3dbfc13ae0d7200033a,"Warriors, The",Mitsubishi,Fayth,2019-09-02 04:46:22
5e85d3dbfc13ae0d7200033b,Love is God,Dodge,Brenden,2019-09-22 09:10:09
5e85d3dbfc13ae0d7200033c,"Whisperers, The",Chrysler,Ximenez,2019-05-19 12:53:02
5e85d3dbfc13ae0d7200033d,Diamond Men,Jeep,Astrix,2020-02-11 15:00:03
5e85d3dbfc13ae0d7200033e,"South of Heaven, West of Hell",Mercury,Elsi,2019-04-11 06:38:26
5e85d3dbfc13ae0d7200033f,"Secret Policeman's Other Ball, The",Mazda,Lin,2019-07-19 21:21:46
5e85d3dbfc13ae0d72000340,The Young Savages,Toyota,Ado,2019-09-15 04:19:41
5e85d3dbfc13ae0d72000341,Special,Saturn,Harwilll,2020-02-21 16:43:35
5e85d3dbfc13ae0d72000342,Game Over: Kasparov and the Machine,Kia,Joelynn,2019-04-05 03:49:56
5e85d3dbfc13ae0d72000343,"Missing Picture, The (L'image manquante)",Geo,Loria,2019-11-14 18:28:31
5e85d3dbfc13ae0d72000344,Forever,Chevrolet,Tabbie,2019-09-02 06:19:56
5e85d3dbfc13ae0d72000345,Lili's Apron,Ford,Spence,2019-09-20 10:08:58
5e85d3dbfc13ae0d72000346,Late Spring (Banshun),Chevrolet,Julius,2019-11-23 16:30:26
5e85d3dbfc13ae0d72000347,"Countess from Hong Kong, A",Dodge,Kalli,2019-07-23 06:11:52
5e85d3dbfc13ae0d72000348,Un Poliziotto Scomodo,Kia,Roarke,2020-01-02 17:49:30
5e85d3dbfc13ae0d72000349,"House of the Devil, The",Ford,Gerardo,2019-08-14 05:10:36
5e85d3dbfc13ae0d7200034a,Chesty: A Tribute to a Legend,Chevrolet,Rog,2019-09-19 20:54:34
5e85d3dbfc13ae0d7200034b,Jackboots on Whitehall,Subaru,Marcos,2019-07-02 11:11:44
5e85d3dbfc13ae0d7200034c,Aliens in the Attic,Pontiac,Sax,2019-04-07 22:00:56
5e85d3dbfc13ae0d7200034d,Stone of Destiny,Aston Martin,Ruby,2019-07-23 07:00:04
5e85d3dbfc13ae0d7200034e,Sense & Sensibility,Maybach,Padgett,2019-06-25 23:41:13
5e85d3dbfc13ae0d7200034f,"Stranger Among Us, A",Dodge,Davita,2019-07-01 17:59:25
5e85d3dbfc13ae0d72000350,Law Abiding Citizen,Ford,Duffy,2019-09-06 10:29:49
5e85d3dbfc13ae0d72000351,Blow-Out (La grande bouffe),Mercedes-Benz,Wit,2020-02-22 18:36:06
5e85d3dbfc13ae0d72000352,Emmanuelle 2,Ford,Leone,2020-02-23 08:22:22
5e85d3dbfc13ae0d72000353,Pohjanmaa,Aston Martin,Kathe,2019-11-01 22:10:22
5e85d3dbfc13ae0d72000354,King of the Zombies,Infiniti,Barbabas,2019-05-02 05:29:04
5e85d3dbfc13ae0d72000355,Bringing Down the House,Chevrolet,Lark,2019-06-01 20:24:03
5e85d3dbfc13ae0d72000356,Munich,Kia,Fifine,2019-05-24 06:50:03
5e85d3dbfc13ae0d72000357,96 Minutes ,Buick,Shara,2019-04-09 21:55:29
5e85d3dbfc13ae0d72000358,Miracle at Oxford (True Blue),Pontiac,Rosamond,2019-10-22 05:45:33
5e85d3dbfc13ae0d72000359,Red Corner,Ford,Anderea,2019-08-03 21:14:05
5e85d3dbfc13ae0d7200035a,Redemption: For Robbing the Dead,Honda,Paulette,2019-09-22 02:25:11
5e85d3dbfc13ae0d7200035b,13 Going on 30,Ford,Finlay,2019-06-22 04:31:47
5e85d3dbfc13ae0d7200035c,Meet Monica Velour,Pontiac,Marielle,2020-03-13 08:39:05
5e85d3dbfc13ae0d7200035d,21-87,GMC,Mandi,2019-12-17 13:19:00
5e85d3dbfc13ae0d7200035e,Hav Plenty,Audi,Cully,2019-10-18 06:22:17
5e85d3dbfc13ae0d7200035f,Bent,Buick,Melesa,2020-01-21 08:20:56
5e85d3dbfc13ae0d72000360,Boy Meets Girl,Pontiac,Quinn,2020-03-05 14:18:43
5e85d3dbfc13ae0d72000361,Grand Canyon,Mazda,Valencia,2019-10-31 08:58:07
5e85d3dbfc13ae0d72000362,Voices of a Distant Star (Hoshi no koe),Ford,Andi,2019-05-24 22:36:33
5e85d3dbfc13ae0d72000363,Fireworks Wednesday (Chaharshanbe-soori),Kia,Mohandis,2019-08-15 12:06:06
5e85d3dbfc13ae0d72000364,Cambridge Spies,Nissan,Ermentrude,2019-08-02 19:05:57
5e85d3dbfc13ae0d72000365,Don,Chevrolet,Roley,2019-05-09 12:01:16
5e85d3dbfc13ae0d72000366,Eight Crazy Nights (Adam Sandler's Eight Crazy Nights),Mitsubishi,Marylinda,2019-07-19 00:06:36
5e85d3dbfc13ae0d72000367,Look Who's Talking,Toyota,Jyoti,2019-10-01 12:21:29
5e85d3dbfc13ae0d72000368,Salvatore Giuliano,Pontiac,Caron,2019-12-23 01:22:36
5e85d3dbfc13ae0d72000369,King Kong vs. Godzilla (Kingukongu tai Gojira),Chevrolet,Fabio,2020-03-14 06:28:47
5e85d3dbfc13ae0d7200036a,"Dark Knight Rises, The",Eagle,Shanda,2020-01-27 08:24:11
5e85d3dbfc13ae0d7200036b,Cop and ½,Toyota,Roberta,2020-02-11 22:33:07
5e85d3dbfc13ae0d7200036c,Everybody's Woman (La signora di tutti),Suzuki,Germayne,2020-01-24 04:13:33
5e85d3dbfc13ae0d7200036d,Charlie Wilson's War,Lincoln,Maggi,2019-12-19 11:00:18
5e85d3dbfc13ae0d7200036e,State of Play,Dodge,Karol,2019-11-25 21:26:23
5e85d3dbfc13ae0d7200036f,Leviathan,Lexus,Kamila,2020-02-08 23:44:17
5e85d3dbfc13ae0d72000370,Fellini's Roma (Roma),Volkswagen,Torrie,2019-04-25 04:48:56
5e85d3dbfc13ae0d72000371,Return Of The Ghostbusters,Lincoln,Jammie,2019-12-24 15:31:08
5e85d3dbfc13ae0d72000372,Dragon (Wu Xia),Land Rover,Felicity,2019-07-23 04:24:30
5e85d3dbfc13ae0d72000373,So Fine,Land Rover,Rodolphe,2020-01-29 18:12:53
5e85d3dbfc13ae0d72000374,Mr. Jealousy,Chevrolet,Katerine,2020-01-13 16:51:03
5e85d3dbfc13ae0d72000375,Glitter,Dodge,Annmaria,2019-08-20 01:48:54
5e85d3dbfc13ae0d72000376,Justice League: War,Chevrolet,Suzanne,2019-11-16 08:16:17
5e85d3dbfc13ae0d72000377,Billy Budd,Lotus,Gerta,2019-08-06 13:32:29
5e85d3dbfc13ae0d72000378,"White Countess, The",Buick,Minerva,2020-02-26 05:46:35
5e85d3dbfc13ae0d72000379,Android,Mercury,Wakefield,2019-11-18 10:35:17
5e85d3dbfc13ae0d7200037a,Steal a Pencil for Me,Volvo,Dacie,2019-08-03 07:16:18
5e85d3dbfc13ae0d7200037b,Pocahontas II: Journey to a New World ,Dodge,Peggy,2019-07-30 14:21:59
5e85d3dbfc13ae0d7200037c,High Strung,Mazda,Eunice,2019-04-22 13:24:16
5e85d3dbfc13ae0d7200037d,"Harmonists, The",Pontiac,Bronson,2019-04-07 03:11:09
5e85d3dbfc13ae0d7200037e,Song of Freedom,Ford,Salaidh,2019-06-13 22:53:33
5e85d3dbfc13ae0d7200037f,Planet of the Vampires (Terrore nello spazio),Dodge,Waverley,2020-02-10 11:17:30
5e85d3dbfc13ae0d72000380,Garden Lovers (Eedenistä pohjoiseen),Mitsubishi,Malissa,2020-03-23 21:18:33
5e85d3dbfc13ae0d72000381,Jack-O,Jaguar,Mickey,2019-12-25 08:45:14
5e85d3dbfc13ae0d72000382,Juha,Land Rover,Mar,2020-02-15 05:15:20
5e85d3dbfc13ae0d72000383,What Price Glory,Mitsubishi,Farrah,2020-01-11 16:05:51
5e85d3dbfc13ae0d72000384,Millhaven,Mazda,Marianna,2019-08-08 03:00:48
5e85d3dbfc13ae0d72000385,Trailer Park Boys: The Movie,Ford,Kristel,2019-12-26 20:38:42
5e85d3dbfc13ae0d72000386,One Nation Under God ,Mazda,Doralin,2020-01-28 12:22:31
5e85d3dbfc13ae0d72000387,People Will Talk,GMC,Rhianon,2019-11-08 08:28:46
5e85d3dbfc13ae0d72000388,Pajama Party,Nissan,Grazia,2019-11-10 16:01:16
5e85d3dbfc13ae0d72000389,"Cross of Lorraine, The",Mazda,Kahlil,2019-04-30 11:07:23
5e85d3dbfc13ae0d7200038a,Tyson,Aston Martin,Katie,2020-02-17 06:17:56
5e85d3dbfc13ae0d7200038b,Boys Love,Buick,Rebeca,2019-09-09 00:31:46
5e85d3dbfc13ae0d7200038c,Täällä Pohjantähden alla II ,MINI,Shaylah,2019-05-02 12:31:11
5e85d3dbfc13ae0d7200038d,"Marriage Made in Heaven, A (Rab Ne Bana Di Jodi)",Ford,Joby,2019-09-15 15:44:36
5e85d3dbfc13ae0d7200038e,Face (Visage),Jeep,Merwin,2020-01-13 06:43:43
5e85d3dbfc13ae0d7200038f,Young Thugs: Nostalgia (Kishiwada shônen gurentai: Bôkyô),Mercedes-Benz,Uriah,2019-11-17 09:59:20
5e85d3dbfc13ae0d72000390,Deep Rising,Pontiac,Peggie,2020-01-24 21:07:40
5e85d3dbfc13ae0d72000391,Artifact,Mercedes-Benz,Consolata,2020-03-09 23:38:38
5e85d3dbfc13ae0d72000392,Trash Humpers,Chevrolet,Hilly,2019-06-25 21:32:24
5e85d3dbfc13ae0d72000393,Jack and Jill,Chevrolet,Vern,2019-05-26 02:22:31
5e85d3dbfc13ae0d72000394,Trancers,GMC,Binny,2019-09-19 22:14:34
5e85d3dbfc13ae0d72000395,"Tournament, The",Dodge,Philippa,2019-06-08 12:30:11
5e85d3dcfc13ae0d72000396,"Prince of Central Park, The",Mercedes-Benz,Coriss,2019-10-27 01:05:12
5e85d3dcfc13ae0d72000397,Shakespeare High,Bentley,Charil,2020-02-18 03:16:53
5e85d3dcfc13ae0d72000398,Loving,Acura,Dorita,2019-04-10 23:18:56
5e85d3dcfc13ae0d72000399,Archangel,Hyundai,Zsa zsa,2019-11-16 07:31:43
5e85d3dcfc13ae0d7200039a,Cavemen,Saab,Kinny,2020-02-08 11:29:42
5e85d3dcfc13ae0d7200039b,A Flintstones Christmas Carol,GMC,Celinka,2019-10-10 07:13:19
5e85d3dcfc13ae0d7200039c,Taqwacore: The Birth of Punk Islam,Mercury,Tobias,2019-08-11 03:11:35
5e85d3dcfc13ae0d7200039d,Still of the Night,Audi,Wrennie,2019-12-02 10:26:52
5e85d3dcfc13ae0d7200039e,Mr. Bean's Holiday,Mitsubishi,Jessica,2019-07-15 08:09:22
5e85d3dcfc13ae0d7200039f,Skin,Ford,Ogdan,2020-01-08 04:36:12
5e85d3dcfc13ae0d720003a0,9to5: Days in Porn (a.k.a. 9 to 5: Days in Porn),Lexus,Garwin,2020-01-17 09:08:09
5e85d3dcfc13ae0d720003a1,Freeway II: Confessions of a Trickbaby,Chevrolet,Talyah,2019-05-07 02:04:09
5e85d3dcfc13ae0d720003a2,Grosse Pointe Blank,Subaru,Lannie,2019-07-22 00:30:39
5e85d3dcfc13ae0d720003a3,Baby Boy,Lotus,Julio,2019-11-27 01:22:22
5e85d3dcfc13ae0d720003a4,"Better Tomorrow III: Love and Death in Saigon, A",Honda,Zia,2019-12-02 04:27:35
5e85d3dcfc13ae0d720003a5,Snow Queen,Volkswagen,Zonnya,2020-01-30 20:33:20
5e85d3dcfc13ae0d720003a6,Different from the Others (Anders als die Andern),Mazda,Dalenna,2019-11-15 19:24:22
5e85d3dcfc13ae0d720003a7,"Matador, The",Honda,Ky,2019-10-11 00:47:07
5e85d3dcfc13ae0d720003a8,Power 98,Dodge,Kaja,2019-09-14 06:39:25
5e85d3dcfc13ae0d720003a9,Tatie Danielle,Chevrolet,Natividad,2019-06-06 09:43:34
5e85d3dcfc13ae0d720003aa,Cross My Heart,Acura,Wallache,2019-11-02 22:35:21
5e85d3dcfc13ae0d720003ab,Dogfight,BMW,Livvie,2019-04-20 19:08:34
5e85d3dcfc13ae0d720003ac,Gentlemen Prefer Blondes,Ford,Francesca,2019-08-20 03:44:26
5e85d3dcfc13ae0d720003ad,Spine Tingler!  The William Castle Story,Suzuki,Haslett,2019-11-12 09:45:57
5e85d3dcfc13ae0d720003ae,Angels Sing,Suzuki,Kristoforo,2019-10-04 01:46:54
5e85d3dcfc13ae0d720003af,Abbott and Costello Meet Dr. Jekyll and Mr. Hyde,Lexus,Law,2020-01-19 22:44:10
5e85d3dcfc13ae0d720003b0,Voyage to the End of the Universe (Ikarie XB 1),Audi,Abbye,2019-09-25 12:10:35
5e85d3dcfc13ae0d720003b1,Sam Peckinpah: Man of Iron,Chrysler,Cassandra,2019-07-12 18:21:43
5e85d3dcfc13ae0d720003b2,Shining Through,GMC,Rog,2019-08-11 05:29:12
5e85d3dcfc13ae0d720003b3,Symbol (Shinboru),GMC,Isahella,2019-04-03 22:27:40
5e85d3dcfc13ae0d720003b4,"Naked Civil Servant, The",Mercedes-Benz,Delinda,2019-07-02 21:21:50
5e85d3dcfc13ae0d720003b5,American Pie Presents The Naked Mile (American Pie 5: The Naked Mile),Volkswagen,Ric,2019-12-10 15:44:20
5e85d3dcfc13ae0d720003b6,Odds Against Tomorrow,Cadillac,Neill,2019-07-30 09:07:12
5e85d3dcfc13ae0d720003b7,Taras Bulba,Ford,Jolyn,2019-09-29 22:06:37
5e85d3dcfc13ae0d720003b8,On the Road,Suzuki,Upton,2019-04-23 17:08:53
5e85d3dcfc13ae0d720003b9,Black Sunday (La maschera del demonio),Chrysler,Wain,2020-01-12 23:29:19
5e85d3dcfc13ae0d720003ba,"Great Outdoors, The",Volvo,Bidget,2020-02-23 15:28:12
5e85d3dcfc13ae0d720003bb,Starred Up,Volkswagen,Jefferey,2020-01-14 01:11:23
5e85d3dcfc13ae0d720003bc,"Big City, The (Mahanagar)",Saab,Lenna,2020-03-03 08:55:37
5e85d3dcfc13ae0d720003bd,Enigma,Toyota,Kristel,2019-05-03 17:13:34
5e85d3dcfc13ae0d720003be,Visions of Light: The Art of Cinematography,MINI,Brenna,2019-07-24 17:42:02
5e85d3dcfc13ae0d720003bf,Sharktopus,Kia,Christos,2019-12-25 08:31:31
5e85d3dcfc13ae0d720003c0,Haunted Honeymoon,Pontiac,Elmo,2020-01-21 18:33:33
5e85d3dcfc13ae0d720003c1,Mulholland Drive,Chevrolet,Kandy,2019-05-30 20:20:34
5e85d3dcfc13ae0d720003c2,Mongol,Toyota,Tracee,2020-02-09 02:36:59
5e85d3dcfc13ae0d720003c3,Branded to Kill (Koroshi no rakuin),Honda,Lizzie,2019-11-02 19:12:09
5e85d3dcfc13ae0d720003c4,"To Do List, The",Mitsubishi,Magdalena,2020-02-28 05:52:37
5e85d3dcfc13ae0d720003c5,Gidget,Mercury,Scot,2019-08-27 09:07:32
5e85d3dcfc13ae0d720003c6,Transfer,Mazda,Terri-jo,2019-06-05 14:11:45
5e85d3dcfc13ae0d720003c7,"Notebook, The (A nagy füzet)",Pontiac,Larissa,2019-09-27 02:11:53
5e85d3dcfc13ae0d720003c8,Bill Burr: I'm Sorry You Feel That Way,Mercury,Sabina,2019-09-02 07:52:07
5e85d3dcfc13ae0d720003c9,I Was an Adventuress,Volvo,Jori,2019-12-23 09:46:31
5e85d3dcfc13ae0d720003ca,Scooby-Doo,Toyota,Laurie,2019-08-09 15:19:58
5e85d3dcfc13ae0d720003cb,Spirit Trap,Lexus,Halli,2019-12-18 15:56:50
5e85d3dcfc13ae0d720003cc,"Boost, The",Volkswagen,Rivy,2019-08-01 20:29:12
5e85d3dcfc13ae0d720003cd,When Ladies Meet,Nissan,Helen,2019-05-24 09:42:14
5e85d3dcfc13ae0d720003ce,"Most Dangerous Game, The",Honda,Kyrstin,2020-02-09 01:15:36
5e85d3dcfc13ae0d720003cf,Christmas Story (Joulutarina),Maybach,Leslie,2019-12-23 02:57:01
5e85d3dcfc13ae0d720003d0,Bandidas,Maybach,Siffre,2019-11-13 05:22:02
5e85d3dcfc13ae0d720003d1,Sword of the Valiant,Nissan,Gusti,2019-07-15 14:43:52
5e85d3dcfc13ae0d720003d2,"Thousand Words, A",Chrysler,Rhodie,2020-01-24 17:49:37
5e85d3dcfc13ae0d720003d3,Hotline,Acura,Alvan,2019-05-12 18:17:57
5e85d3dcfc13ae0d720003d4,Picnic,Hummer,Perren,2019-11-19 11:37:26
5e85d3dcfc13ae0d720003d5,Stealing Rembrandt (Rembrandt),Mercedes-Benz,Monti,2019-10-23 16:34:27
5e85d3dcfc13ae0d720003d6,Feeling Minnesota,GMC,Cart,2020-01-09 22:44:52
5e85d3dcfc13ae0d720003d7,Two Rode Together,Aston Martin,Torry,2019-04-13 03:37:26
5e85d3dcfc13ae0d720003d8,Stitch! The Movie,BMW,Reynolds,2019-04-29 14:46:19
5e85d3dcfc13ae0d720003d9,"Butcher, The (Boucher, Le)",Cadillac,Robb,2019-10-12 06:20:34
5e85d3dcfc13ae0d720003da,Bluebeard,Ford,Myrvyn,2019-10-10 09:07:40
5e85d3dcfc13ae0d720003db,Ricky Gervais Live 4: Science,Pontiac,Curtis,2019-08-26 05:24:01
5e85d3dcfc13ae0d720003dc,Combien Tu M'aimes? (How Much Do You Love Me?),Mazda,Rica,2019-09-07 19:11:35
5e85d3dcfc13ae0d720003dd,"Boy with Green Hair, The",Plymouth,Auberta,2019-09-19 13:33:59
5e85d3dcfc13ae0d720003de,Grand Hotel,Audi,Kareem,2019-06-11 05:00:51
5e85d3dcfc13ae0d720003df,"Delta Force, The",Chevrolet,Laurel,2019-12-31 09:28:56
5e85d3dcfc13ae0d720003e0,Am Ende eiens viel zu kurzen Tages (Death of a superhero),Honda,Mendy,2019-08-07 02:26:05
5e85d3dcfc13ae0d720003e1,Outbound (Periferic),Volkswagen,Reg,2020-03-07 18:30:20
5e85d3dcfc13ae0d720003e2,Boys Don't Cry,Pontiac,Carie,2019-07-30 10:03:33
5e85d3dcfc13ae0d720003e3,Men Don't Leave,Chevrolet,Ricki,2020-03-08 01:42:30
5e85d3dcfc13ae0d720003e4,None But the Brave,Dodge,Nicholle,2019-09-29 23:29:23
5e85d3dcfc13ae0d720003e5,From One Second to the Next,Volkswagen,Steven,2020-03-16 15:19:35
5e85d3dcfc13ae0d720003e6,Idiot Box,Nissan,Aprilette,2019-10-10 11:45:45
5e85d3dcfc13ae0d720003e7,A Walk in the Woods,Isuzu,Giselle,2020-01-15 03:58:20
